[
  {
    "value": 0.0,
    "sim_clock": "2020-01-01 08:00:00"
  },
  {
    "value": 0.0,
    "sim_clock": "2020-01-01 08:00:30"
  },
  {
    "value": 0.0,
    "sim_clock": "2020-01-01 08:01:00"
  },
  {
    "value": 0.0,
    "sim_clock": "2020-01-01 08:01:30"
  },
  {
    "value": 0.0,
    "sim_clock": "2020-01-01 08:02:00"
  },
  {
    "value": 0.0,
    "sim_clock": "2020-01-01 08:02:30"
  },
  {
    "value": 0.0,
    "sim_clock": "2020-01-01 08:03:00"
  },
  {
    "value": 0.0,
    "sim_clock": "2020-01-01 08:03:30"
  },
  {
    "value": 0.0,
    "sim_clock": "2020-01-01 08:04:00"
  },
  {
    "value": 0.0,
    "sim_clock": "2020-01-01 08:04:30"
  },
  {
    "value": 0.0,
    "sim_clock": "2020-01-01 08:05:00"
  },
  {
    "value": 0.0,
    "sim_clock": "2020-01-01 08:05:30"
  },
  {
    "value": 74.0,
    "sim_clock": "2020-01-01 08:06:00"
  },
  {
    "value": 74.0,
    "sim_clock": "2020-01-01 08:06:30"
  },
  {
    "value": 74.0,
    "sim_clock": "2020-01-01 08:07:00"
  },
  {
    "value": 74.0,
    "sim_clock": "2020-01-01 08:07:30"
  },
  {
    "value": 74.0,
    "sim_clock": "2020-01-01 08:08:00"
  },
  {
    "value": 148.0,
    "sim_clock": "2020-01-01 08:08:30"
  },
  {
    "value": 148.0,
    "sim_clock": "2020-01-01 08:09:00"
  },
  {
    "value": 218.0,
    "sim_clock": "2020-01-01 08:09:30"
  },
  {
    "value": 309.0,
    "sim_clock": "2020-01-01 08:10:00"
  },
  {
    "value": 419.0,
    "sim_clock": "2020-01-01 08:10:30"
  },
  {
    "value": 567.0,
    "sim_clock": "2020-01-01 08:11:00"
  },
  {
    "value": 678.0,
    "sim_clock": "2020-01-01 08:11:30"
  },
  {
    "value": 1012.0,
    "sim_clock": "2020-01-01 08:12:00"
  },
  {
    "value": 1299.0,
    "sim_clock": "2020-01-01 08:12:30"
  },
  {
    "value": 1500.0,
    "sim_clock": "2020-01-01 08:13:00"
  },
  {
    "value": 1836.0,
    "sim_clock": "2020-01-01 08:13:30"
  },
  {
    "value": 1898.0,
    "sim_clock": "2020-01-01 08:14:00"
  },
  {
    "value": 2091.0,
    "sim_clock": "2020-01-01 08:14:30"
  },
  {
    "value": 2237.0,
    "sim_clock": "2020-01-01 08:15:00"
  },
  {
    "value": 2379.0,
    "sim_clock": "2020-01-01 08:15:30"
  },
  {
    "value": 2581.0,
    "sim_clock": "2020-01-01 08:16:00"
  },
  {
    "value": 2799.0,
    "sim_clock": "2020-01-01 08:16:30"
  },
  {
    "value": 2884.0,
    "sim_clock": "2020-01-01 08:17:00"
  },
  {
    "value": 2920.0,
    "sim_clock": "2020-01-01 08:17:30"
  },
  {
    "value": 3089.0,
    "sim_clock": "2020-01-01 08:18:00"
  },
  {
    "value": 3314.0,
    "sim_clock": "2020-01-01 08:18:30"
  },
  {
    "value": 3435.0,
    "sim_clock": "2020-01-01 08:19:00"
  },
  {
    "value": 3576.0,
    "sim_clock": "2020-01-01 08:19:30"
  },
  {
    "value": 3619.0,
    "sim_clock": "2020-01-01 08:20:00"
  },
  {
    "value": 3896.0,
    "sim_clock": "2020-01-01 08:20:30"
  },
  {
    "value": 4338.0,
    "sim_clock": "2020-01-01 08:21:00"
  },
  {
    "value": 4558.0,
    "sim_clock": "2020-01-01 08:21:30"
  },
  {
    "value": 4858.0,
    "sim_clock": "2020-01-01 08:22:00"
  },
  {
    "value": 5373.0,
    "sim_clock": "2020-01-01 08:22:30"
  },
  {
    "value": 5583.0,
    "sim_clock": "2020-01-01 08:23:00"
  },
  {
    "value": 5744.0,
    "sim_clock": "2020-01-01 08:23:30"
  },
  {
    "value": 6029.0,
    "sim_clock": "2020-01-01 08:24:00"
  },
  {
    "value": 6180.0,
    "sim_clock": "2020-01-01 08:24:30"
  },
  {
    "value": 6525.0,
    "sim_clock": "2020-01-01 08:25:00"
  },
  {
    "value": 6710.0,
    "sim_clock": "2020-01-01 08:25:30"
  },
  {
    "value": 6947.0,
    "sim_clock": "2020-01-01 08:26:00"
  },
  {
    "value": 7126.0,
    "sim_clock": "2020-01-01 08:26:30"
  },
  {
    "value": 7515.0,
    "sim_clock": "2020-01-01 08:27:00"
  },
  {
    "value": 7842.0,
    "sim_clock": "2020-01-01 08:27:30"
  },
  {
    "value": 7932.0,
    "sim_clock": "2020-01-01 08:28:00"
  },
  {
    "value": 7977.0,
    "sim_clock": "2020-01-01 08:28:30"
  },
  {
    "value": 8221.0,
    "sim_clock": "2020-01-01 08:29:00"
  },
  {
    "value": 8462.0,
    "sim_clock": "2020-01-01 08:29:30"
  },
  {
    "value": 8627.0,
    "sim_clock": "2020-01-01 08:30:00"
  },
  {
    "value": 8737.0,
    "sim_clock": "2020-01-01 08:30:30"
  },
  {
    "value": 8767.0,
    "sim_clock": "2020-01-01 08:31:00"
  },
  {
    "value": 8767.0,
    "sim_clock": "2020-01-01 08:31:30"
  },
  {
    "value": 8836.0,
    "sim_clock": "2020-01-01 08:32:00"
  },
  {
    "value": 9258.0,
    "sim_clock": "2020-01-01 08:32:30"
  },
  {
    "value": 9540.0,
    "sim_clock": "2020-01-01 08:33:00"
  },
  {
    "value": 9754.0,
    "sim_clock": "2020-01-01 08:33:30"
  },
  {
    "value": 9912.0,
    "sim_clock": "2020-01-01 08:34:00"
  },
  {
    "value": 10100.0,
    "sim_clock": "2020-01-01 08:34:30"
  },
  {
    "value": 10100.0,
    "sim_clock": "2020-01-01 08:35:00"
  },
  {
    "value": 10361.0,
    "sim_clock": "2020-01-01 08:35:30"
  },
  {
    "value": 10520.0,
    "sim_clock": "2020-01-01 08:36:00"
  },
  {
    "value": 10651.0,
    "sim_clock": "2020-01-01 08:36:30"
  },
  {
    "value": 10708.0,
    "sim_clock": "2020-01-01 08:37:00"
  },
  {
    "value": 11090.0,
    "sim_clock": "2020-01-01 08:37:30"
  },
  {
    "value": 11334.0,
    "sim_clock": "2020-01-01 08:38:00"
  },
  {
    "value": 11394.0,
    "sim_clock": "2020-01-01 08:38:30"
  },
  {
    "value": 11549.0,
    "sim_clock": "2020-01-01 08:39:00"
  },
  {
    "value": 11634.0,
    "sim_clock": "2020-01-01 08:39:30"
  },
  {
    "value": 11674.0,
    "sim_clock": "2020-01-01 08:40:00"
  },
  {
    "value": 11782.0,
    "sim_clock": "2020-01-01 08:40:30"
  },
  {
    "value": 11947.0,
    "sim_clock": "2020-01-01 08:41:00"
  },
  {
    "value": 12013.0,
    "sim_clock": "2020-01-01 08:41:30"
  },
  {
    "value": 12332.0,
    "sim_clock": "2020-01-01 08:42:00"
  },
  {
    "value": 12415.0,
    "sim_clock": "2020-01-01 08:42:30"
  },
  {
    "value": 12442.0,
    "sim_clock": "2020-01-01 08:43:00"
  },
  {
    "value": 12645.0,
    "sim_clock": "2020-01-01 08:43:30"
  },
  {
    "value": 12885.0,
    "sim_clock": "2020-01-01 08:44:00"
  },
  {
    "value": 13047.0,
    "sim_clock": "2020-01-01 08:44:30"
  },
  {
    "value": 13118.0,
    "sim_clock": "2020-01-01 08:45:00"
  },
  {
    "value": 13171.0,
    "sim_clock": "2020-01-01 08:45:30"
  },
  {
    "value": 13467.0,
    "sim_clock": "2020-01-01 08:46:00"
  },
  {
    "value": 13565.0,
    "sim_clock": "2020-01-01 08:46:30"
  },
  {
    "value": 13691.0,
    "sim_clock": "2020-01-01 08:47:00"
  },
  {
    "value": 13721.0,
    "sim_clock": "2020-01-01 08:47:30"
  },
  {
    "value": 13885.0,
    "sim_clock": "2020-01-01 08:48:00"
  },
  {
    "value": 14022.0,
    "sim_clock": "2020-01-01 08:48:30"
  },
  {
    "value": 14141.0,
    "sim_clock": "2020-01-01 08:49:00"
  },
  {
    "value": 14495.0,
    "sim_clock": "2020-01-01 08:49:30"
  },
  {
    "value": 14634.0,
    "sim_clock": "2020-01-01 08:50:00"
  },
  {
    "value": 14808.0,
    "sim_clock": "2020-01-01 08:50:30"
  },
  {
    "value": 15018.0,
    "sim_clock": "2020-01-01 08:51:00"
  },
  {
    "value": 15125.0,
    "sim_clock": "2020-01-01 08:51:30"
  },
  {
    "value": 15195.0,
    "sim_clock": "2020-01-01 08:52:00"
  },
  {
    "value": 15431.0,
    "sim_clock": "2020-01-01 08:52:30"
  },
  {
    "value": 15573.0,
    "sim_clock": "2020-01-01 08:53:00"
  },
  {
    "value": 15943.0,
    "sim_clock": "2020-01-01 08:53:30"
  },
  {
    "value": 16060.0,
    "sim_clock": "2020-01-01 08:54:00"
  },
  {
    "value": 16229.0,
    "sim_clock": "2020-01-01 08:54:30"
  },
  {
    "value": 16414.0,
    "sim_clock": "2020-01-01 08:55:00"
  },
  {
    "value": 16501.0,
    "sim_clock": "2020-01-01 08:55:30"
  },
  {
    "value": 16517.0,
    "sim_clock": "2020-01-01 08:56:00"
  },
  {
    "value": 16681.0,
    "sim_clock": "2020-01-01 08:56:30"
  },
  {
    "value": 17012.0,
    "sim_clock": "2020-01-01 08:57:00"
  },
  {
    "value": 17205.0,
    "sim_clock": "2020-01-01 08:57:30"
  },
  {
    "value": 17295.0,
    "sim_clock": "2020-01-01 08:58:00"
  },
  {
    "value": 17713.0,
    "sim_clock": "2020-01-01 08:58:30"
  },
  {
    "value": 17713.0,
    "sim_clock": "2020-01-01 08:59:00"
  },
  {
    "value": 17861.0,
    "sim_clock": "2020-01-01 08:59:30"
  },
  {
    "value": 17967.0,
    "sim_clock": "2020-01-01 09:00:00"
  },
  {
    "value": 18331.0,
    "sim_clock": "2020-01-01 09:00:30"
  },
  {
    "value": 18331.0,
    "sim_clock": "2020-01-01 09:01:00"
  },
  {
    "value": 18421.0,
    "sim_clock": "2020-01-01 09:01:30"
  },
  {
    "value": 18573.0,
    "sim_clock": "2020-01-01 09:02:00"
  },
  {
    "value": 18781.0,
    "sim_clock": "2020-01-01 09:02:30"
  },
  {
    "value": 18841.0,
    "sim_clock": "2020-01-01 09:03:00"
  },
  {
    "value": 18875.0,
    "sim_clock": "2020-01-01 09:03:30"
  },
  {
    "value": 19029.0,
    "sim_clock": "2020-01-01 09:04:00"
  },
  {
    "value": 19029.0,
    "sim_clock": "2020-01-01 09:04:30"
  },
  {
    "value": 19277.0,
    "sim_clock": "2020-01-01 09:05:00"
  },
  {
    "value": 19426.0,
    "sim_clock": "2020-01-01 09:05:30"
  },
  {
    "value": 19593.0,
    "sim_clock": "2020-01-01 09:06:00"
  },
  {
    "value": 19706.0,
    "sim_clock": "2020-01-01 09:06:30"
  },
  {
    "value": 19737.0,
    "sim_clock": "2020-01-01 09:07:00"
  },
  {
    "value": 19962.0,
    "sim_clock": "2020-01-01 09:07:30"
  },
  {
    "value": 20448.0,
    "sim_clock": "2020-01-01 09:08:00"
  },
  {
    "value": 20571.0,
    "sim_clock": "2020-01-01 09:08:30"
  },
  {
    "value": 20892.0,
    "sim_clock": "2020-01-01 09:09:00"
  },
  {
    "value": 21295.0,
    "sim_clock": "2020-01-01 09:09:30"
  },
  {
    "value": 21304.0,
    "sim_clock": "2020-01-01 09:10:00"
  },
  {
    "value": 21364.0,
    "sim_clock": "2020-01-01 09:10:30"
  },
  {
    "value": 21364.0,
    "sim_clock": "2020-01-01 09:11:00"
  },
  {
    "value": 21592.0,
    "sim_clock": "2020-01-01 09:11:30"
  },
  {
    "value": 21687.0,
    "sim_clock": "2020-01-01 09:12:00"
  },
  {
    "value": 21818.0,
    "sim_clock": "2020-01-01 09:12:30"
  },
  {
    "value": 21903.0,
    "sim_clock": "2020-01-01 09:13:00"
  },
  {
    "value": 22091.0,
    "sim_clock": "2020-01-01 09:13:30"
  },
  {
    "value": 22335.0,
    "sim_clock": "2020-01-01 09:14:00"
  },
  {
    "value": 22464.0,
    "sim_clock": "2020-01-01 09:14:30"
  },
  {
    "value": 22663.0,
    "sim_clock": "2020-01-01 09:15:00"
  },
  {
    "value": 22921.0,
    "sim_clock": "2020-01-01 09:15:30"
  },
  {
    "value": 23165.0,
    "sim_clock": "2020-01-01 09:16:00"
  },
  {
    "value": 23375.0,
    "sim_clock": "2020-01-01 09:16:30"
  },
  {
    "value": 23496.0,
    "sim_clock": "2020-01-01 09:17:00"
  },
  {
    "value": 23768.0,
    "sim_clock": "2020-01-01 09:17:30"
  },
  {
    "value": 23917.0,
    "sim_clock": "2020-01-01 09:18:00"
  },
  {
    "value": 24180.0,
    "sim_clock": "2020-01-01 09:18:30"
  },
  {
    "value": 24605.0,
    "sim_clock": "2020-01-01 09:19:00"
  },
  {
    "value": 24697.0,
    "sim_clock": "2020-01-01 09:19:30"
  },
  {
    "value": 24868.0,
    "sim_clock": "2020-01-01 09:20:00"
  },
  {
    "value": 25026.0,
    "sim_clock": "2020-01-01 09:20:30"
  },
  {
    "value": 25121.0,
    "sim_clock": "2020-01-01 09:21:00"
  },
  {
    "value": 25569.0,
    "sim_clock": "2020-01-01 09:21:30"
  },
  {
    "value": 25912.0,
    "sim_clock": "2020-01-01 09:22:00"
  },
  {
    "value": 26031.0,
    "sim_clock": "2020-01-01 09:22:30"
  },
  {
    "value": 26031.0,
    "sim_clock": "2020-01-01 09:23:00"
  },
  {
    "value": 26315.0,
    "sim_clock": "2020-01-01 09:23:30"
  },
  {
    "value": 26565.0,
    "sim_clock": "2020-01-01 09:24:00"
  },
  {
    "value": 26565.0,
    "sim_clock": "2020-01-01 09:24:30"
  },
  {
    "value": 26611.0,
    "sim_clock": "2020-01-01 09:25:00"
  },
  {
    "value": 26762.0,
    "sim_clock": "2020-01-01 09:25:30"
  },
  {
    "value": 26932.0,
    "sim_clock": "2020-01-01 09:26:00"
  },
  {
    "value": 27154.0,
    "sim_clock": "2020-01-01 09:26:30"
  },
  {
    "value": 27437.0,
    "sim_clock": "2020-01-01 09:27:00"
  },
  {
    "value": 27642.0,
    "sim_clock": "2020-01-01 09:27:30"
  },
  {
    "value": 27686.0,
    "sim_clock": "2020-01-01 09:28:00"
  },
  {
    "value": 27758.0,
    "sim_clock": "2020-01-01 09:28:30"
  },
  {
    "value": 28073.0,
    "sim_clock": "2020-01-01 09:29:00"
  },
  {
    "value": 28345.0,
    "sim_clock": "2020-01-01 09:29:30"
  },
  {
    "value": 28467.0,
    "sim_clock": "2020-01-01 09:30:00"
  },
  {
    "value": 28535.0,
    "sim_clock": "2020-01-01 09:30:30"
  },
  {
    "value": 28752.0,
    "sim_clock": "2020-01-01 09:31:00"
  },
  {
    "value": 28818.0,
    "sim_clock": "2020-01-01 09:31:30"
  },
  {
    "value": 29083.0,
    "sim_clock": "2020-01-01 09:32:00"
  },
  {
    "value": 29195.0,
    "sim_clock": "2020-01-01 09:32:30"
  },
  {
    "value": 29332.0,
    "sim_clock": "2020-01-01 09:33:00"
  },
  {
    "value": 29499.0,
    "sim_clock": "2020-01-01 09:33:30"
  },
  {
    "value": 29521.0,
    "sim_clock": "2020-01-01 09:34:00"
  },
  {
    "value": 29880.0,
    "sim_clock": "2020-01-01 09:34:30"
  },
  {
    "value": 29880.0,
    "sim_clock": "2020-01-01 09:35:00"
  },
  {
    "value": 30027.0,
    "sim_clock": "2020-01-01 09:35:30"
  },
  {
    "value": 30297.0,
    "sim_clock": "2020-01-01 09:36:00"
  },
  {
    "value": 30560.0,
    "sim_clock": "2020-01-01 09:36:30"
  },
  {
    "value": 30949.0,
    "sim_clock": "2020-01-01 09:37:00"
  },
  {
    "value": 31152.0,
    "sim_clock": "2020-01-01 09:37:30"
  },
  {
    "value": 31427.0,
    "sim_clock": "2020-01-01 09:38:00"
  },
  {
    "value": 31444.0,
    "sim_clock": "2020-01-01 09:38:30"
  },
  {
    "value": 31502.0,
    "sim_clock": "2020-01-01 09:39:00"
  },
  {
    "value": 31575.0,
    "sim_clock": "2020-01-01 09:39:30"
  },
  {
    "value": 31814.0,
    "sim_clock": "2020-01-01 09:40:00"
  },
  {
    "value": 32042.0,
    "sim_clock": "2020-01-01 09:40:30"
  },
  {
    "value": 32459.0,
    "sim_clock": "2020-01-01 09:41:00"
  },
  {
    "value": 32459.0,
    "sim_clock": "2020-01-01 09:41:30"
  },
  {
    "value": 32605.0,
    "sim_clock": "2020-01-01 09:42:00"
  },
  {
    "value": 32606.0,
    "sim_clock": "2020-01-01 09:42:30"
  },
  {
    "value": 32736.0,
    "sim_clock": "2020-01-01 09:43:00"
  },
  {
    "value": 33005.0,
    "sim_clock": "2020-01-01 09:43:30"
  },
  {
    "value": 33141.0,
    "sim_clock": "2020-01-01 09:44:00"
  },
  {
    "value": 33331.0,
    "sim_clock": "2020-01-01 09:44:30"
  },
  {
    "value": 33346.0,
    "sim_clock": "2020-01-01 09:45:00"
  },
  {
    "value": 33606.0,
    "sim_clock": "2020-01-01 09:45:30"
  },
  {
    "value": 33627.0,
    "sim_clock": "2020-01-01 09:46:00"
  },
  {
    "value": 33882.0,
    "sim_clock": "2020-01-01 09:46:30"
  },
  {
    "value": 34094.0,
    "sim_clock": "2020-01-01 09:47:00"
  },
  {
    "value": 34204.0,
    "sim_clock": "2020-01-01 09:47:30"
  },
  {
    "value": 34365.0,
    "sim_clock": "2020-01-01 09:48:00"
  },
  {
    "value": 34500.0,
    "sim_clock": "2020-01-01 09:48:30"
  },
  {
    "value": 34773.0,
    "sim_clock": "2020-01-01 09:49:00"
  },
  {
    "value": 34911.0,
    "sim_clock": "2020-01-01 09:49:30"
  },
  {
    "value": 35304.0,
    "sim_clock": "2020-01-01 09:50:00"
  },
  {
    "value": 35362.0,
    "sim_clock": "2020-01-01 09:50:30"
  },
  {
    "value": 35577.0,
    "sim_clock": "2020-01-01 09:51:00"
  },
  {
    "value": 35838.0,
    "sim_clock": "2020-01-01 09:51:30"
  },
  {
    "value": 35998.0,
    "sim_clock": "2020-01-01 09:52:00"
  },
  {
    "value": 36144.0,
    "sim_clock": "2020-01-01 09:52:30"
  },
  {
    "value": 36448.0,
    "sim_clock": "2020-01-01 09:53:00"
  },
  {
    "value": 36500.0,
    "sim_clock": "2020-01-01 09:53:30"
  },
  {
    "value": 36559.0,
    "sim_clock": "2020-01-01 09:54:00"
  },
  {
    "value": 36570.0,
    "sim_clock": "2020-01-01 09:54:30"
  },
  {
    "value": 36856.0,
    "sim_clock": "2020-01-01 09:55:00"
  },
  {
    "value": 36942.0,
    "sim_clock": "2020-01-01 09:55:30"
  },
  {
    "value": 37028.0,
    "sim_clock": "2020-01-01 09:56:00"
  },
  {
    "value": 37146.0,
    "sim_clock": "2020-01-01 09:56:30"
  },
  {
    "value": 37301.0,
    "sim_clock": "2020-01-01 09:57:00"
  },
  {
    "value": 37502.0,
    "sim_clock": "2020-01-01 09:57:30"
  },
  {
    "value": 37518.0,
    "sim_clock": "2020-01-01 09:58:00"
  },
  {
    "value": 37872.0,
    "sim_clock": "2020-01-01 09:58:30"
  },
  {
    "value": 38045.0,
    "sim_clock": "2020-01-01 09:59:00"
  },
  {
    "value": 38401.0,
    "sim_clock": "2020-01-01 09:59:30"
  },
  {
    "value": 38456.0,
    "sim_clock": "2020-01-01 10:00:00"
  },
  {
    "value": 38685.0,
    "sim_clock": "2020-01-01 10:00:30"
  },
  {
    "value": 38831.0,
    "sim_clock": "2020-01-01 10:01:00"
  },
  {
    "value": 39230.0,
    "sim_clock": "2020-01-01 10:01:30"
  },
  {
    "value": 39311.0,
    "sim_clock": "2020-01-01 10:02:00"
  },
  {
    "value": 39487.0,
    "sim_clock": "2020-01-01 10:02:30"
  },
  {
    "value": 39545.0,
    "sim_clock": "2020-01-01 10:03:00"
  },
  {
    "value": 39606.0,
    "sim_clock": "2020-01-01 10:03:30"
  },
  {
    "value": 39733.0,
    "sim_clock": "2020-01-01 10:04:00"
  },
  {
    "value": 39930.0,
    "sim_clock": "2020-01-01 10:04:30"
  },
  {
    "value": 40049.0,
    "sim_clock": "2020-01-01 10:05:00"
  },
  {
    "value": 40156.0,
    "sim_clock": "2020-01-01 10:05:30"
  },
  {
    "value": 40330.0,
    "sim_clock": "2020-01-01 10:06:00"
  },
  {
    "value": 40435.0,
    "sim_clock": "2020-01-01 10:06:30"
  },
  {
    "value": 40452.0,
    "sim_clock": "2020-01-01 10:07:00"
  },
  {
    "value": 40579.0,
    "sim_clock": "2020-01-01 10:07:30"
  },
  {
    "value": 40788.0,
    "sim_clock": "2020-01-01 10:08:00"
  },
  {
    "value": 41006.0,
    "sim_clock": "2020-01-01 10:08:30"
  },
  {
    "value": 41050.0,
    "sim_clock": "2020-01-01 10:09:00"
  },
  {
    "value": 41289.0,
    "sim_clock": "2020-01-01 10:09:30"
  },
  {
    "value": 41495.0,
    "sim_clock": "2020-01-01 10:10:00"
  },
  {
    "value": 41771.0,
    "sim_clock": "2020-01-01 10:10:30"
  },
  {
    "value": 42079.0,
    "sim_clock": "2020-01-01 10:11:00"
  },
  {
    "value": 42222.0,
    "sim_clock": "2020-01-01 10:11:30"
  },
  {
    "value": 42476.0,
    "sim_clock": "2020-01-01 10:12:00"
  },
  {
    "value": 42721.0,
    "sim_clock": "2020-01-01 10:12:30"
  },
  {
    "value": 42816.0,
    "sim_clock": "2020-01-01 10:13:00"
  },
  {
    "value": 43071.0,
    "sim_clock": "2020-01-01 10:13:30"
  },
  {
    "value": 43175.0,
    "sim_clock": "2020-01-01 10:14:00"
  },
  {
    "value": 43312.0,
    "sim_clock": "2020-01-01 10:14:30"
  },
  {
    "value": 43523.0,
    "sim_clock": "2020-01-01 10:15:00"
  },
  {
    "value": 43572.0,
    "sim_clock": "2020-01-01 10:15:30"
  },
  {
    "value": 43918.0,
    "sim_clock": "2020-01-01 10:16:00"
  },
  {
    "value": 44173.0,
    "sim_clock": "2020-01-01 10:16:30"
  },
  {
    "value": 44360.0,
    "sim_clock": "2020-01-01 10:17:00"
  },
  {
    "value": 44496.0,
    "sim_clock": "2020-01-01 10:17:30"
  },
  {
    "value": 44563.0,
    "sim_clock": "2020-01-01 10:18:00"
  },
  {
    "value": 44563.0,
    "sim_clock": "2020-01-01 10:18:30"
  },
  {
    "value": 44672.0,
    "sim_clock": "2020-01-01 10:19:00"
  },
  {
    "value": 44997.0,
    "sim_clock": "2020-01-01 10:19:30"
  },
  {
    "value": 45166.0,
    "sim_clock": "2020-01-01 10:20:00"
  },
  {
    "value": 45198.0,
    "sim_clock": "2020-01-01 10:20:30"
  },
  {
    "value": 45280.0,
    "sim_clock": "2020-01-01 10:21:00"
  },
  {
    "value": 45438.0,
    "sim_clock": "2020-01-01 10:21:30"
  },
  {
    "value": 45556.0,
    "sim_clock": "2020-01-01 10:22:00"
  },
  {
    "value": 45887.0,
    "sim_clock": "2020-01-01 10:22:30"
  },
  {
    "value": 45887.0,
    "sim_clock": "2020-01-01 10:23:00"
  },
  {
    "value": 45982.0,
    "sim_clock": "2020-01-01 10:23:30"
  },
  {
    "value": 46239.0,
    "sim_clock": "2020-01-01 10:24:00"
  },
  {
    "value": 46407.0,
    "sim_clock": "2020-01-01 10:24:30"
  },
  {
    "value": 46593.0,
    "sim_clock": "2020-01-01 10:25:00"
  },
  {
    "value": 46626.0,
    "sim_clock": "2020-01-01 10:25:30"
  },
  {
    "value": 46724.0,
    "sim_clock": "2020-01-01 10:26:00"
  },
  {
    "value": 46901.0,
    "sim_clock": "2020-01-01 10:26:30"
  },
  {
    "value": 46925.0,
    "sim_clock": "2020-01-01 10:27:00"
  },
  {
    "value": 47414.0,
    "sim_clock": "2020-01-01 10:27:30"
  },
  {
    "value": 47768.0,
    "sim_clock": "2020-01-01 10:28:00"
  },
  {
    "value": 47930.0,
    "sim_clock": "2020-01-01 10:28:30"
  },
  {
    "value": 48055.0,
    "sim_clock": "2020-01-01 10:29:00"
  },
  {
    "value": 48169.0,
    "sim_clock": "2020-01-01 10:29:30"
  },
  {
    "value": 48212.0,
    "sim_clock": "2020-01-01 10:30:00"
  },
  {
    "value": 48293.0,
    "sim_clock": "2020-01-01 10:30:30"
  },
  {
    "value": 48318.0,
    "sim_clock": "2020-01-01 10:31:00"
  },
  {
    "value": 48536.0,
    "sim_clock": "2020-01-01 10:31:30"
  },
  {
    "value": 48873.0,
    "sim_clock": "2020-01-01 10:32:00"
  },
  {
    "value": 49033.0,
    "sim_clock": "2020-01-01 10:32:30"
  },
  {
    "value": 49056.0,
    "sim_clock": "2020-01-01 10:33:00"
  },
  {
    "value": 49315.0,
    "sim_clock": "2020-01-01 10:33:30"
  },
  {
    "value": 49639.0,
    "sim_clock": "2020-01-01 10:34:00"
  },
  {
    "value": 49678.0,
    "sim_clock": "2020-01-01 10:34:30"
  },
  {
    "value": 49678.0,
    "sim_clock": "2020-01-01 10:35:00"
  },
  {
    "value": 49945.0,
    "sim_clock": "2020-01-01 10:35:30"
  },
  {
    "value": 50024.0,
    "sim_clock": "2020-01-01 10:36:00"
  },
  {
    "value": 50248.0,
    "sim_clock": "2020-01-01 10:36:30"
  },
  {
    "value": 50332.0,
    "sim_clock": "2020-01-01 10:37:00"
  },
  {
    "value": 50412.0,
    "sim_clock": "2020-01-01 10:37:30"
  },
  {
    "value": 50573.0,
    "sim_clock": "2020-01-01 10:38:00"
  },
  {
    "value": 50735.0,
    "sim_clock": "2020-01-01 10:38:30"
  },
  {
    "value": 50822.0,
    "sim_clock": "2020-01-01 10:39:00"
  },
  {
    "value": 51065.0,
    "sim_clock": "2020-01-01 10:39:30"
  },
  {
    "value": 51204.0,
    "sim_clock": "2020-01-01 10:40:00"
  },
  {
    "value": 51442.0,
    "sim_clock": "2020-01-01 10:40:30"
  },
  {
    "value": 51747.0,
    "sim_clock": "2020-01-01 10:41:00"
  },
  {
    "value": 51908.0,
    "sim_clock": "2020-01-01 10:41:30"
  },
  {
    "value": 52030.0,
    "sim_clock": "2020-01-01 10:42:00"
  },
  {
    "value": 52250.0,
    "sim_clock": "2020-01-01 10:42:30"
  },
  {
    "value": 52429.0,
    "sim_clock": "2020-01-01 10:43:00"
  },
  {
    "value": 52429.0,
    "sim_clock": "2020-01-01 10:43:30"
  },
  {
    "value": 52574.0,
    "sim_clock": "2020-01-01 10:44:00"
  },
  {
    "value": 52665.0,
    "sim_clock": "2020-01-01 10:44:30"
  },
  {
    "value": 52842.0,
    "sim_clock": "2020-01-01 10:45:00"
  },
  {
    "value": 53125.0,
    "sim_clock": "2020-01-01 10:45:30"
  },
  {
    "value": 53218.0,
    "sim_clock": "2020-01-01 10:46:00"
  },
  {
    "value": 53377.0,
    "sim_clock": "2020-01-01 10:46:30"
  },
  {
    "value": 53452.0,
    "sim_clock": "2020-01-01 10:47:00"
  },
  {
    "value": 53571.0,
    "sim_clock": "2020-01-01 10:47:30"
  },
  {
    "value": 53798.0,
    "sim_clock": "2020-01-01 10:48:00"
  },
  {
    "value": 54020.0,
    "sim_clock": "2020-01-01 10:48:30"
  },
  {
    "value": 54173.0,
    "sim_clock": "2020-01-01 10:49:00"
  },
  {
    "value": 54460.0,
    "sim_clock": "2020-01-01 10:49:30"
  },
  {
    "value": 54659.0,
    "sim_clock": "2020-01-01 10:50:00"
  },
  {
    "value": 54844.0,
    "sim_clock": "2020-01-01 10:50:30"
  },
  {
    "value": 55212.0,
    "sim_clock": "2020-01-01 10:51:00"
  },
  {
    "value": 55249.0,
    "sim_clock": "2020-01-01 10:51:30"
  },
  {
    "value": 55447.0,
    "sim_clock": "2020-01-01 10:52:00"
  },
  {
    "value": 55678.0,
    "sim_clock": "2020-01-01 10:52:30"
  },
  {
    "value": 55678.0,
    "sim_clock": "2020-01-01 10:53:00"
  },
  {
    "value": 55965.0,
    "sim_clock": "2020-01-01 10:53:30"
  },
  {
    "value": 56067.0,
    "sim_clock": "2020-01-01 10:54:00"
  },
  {
    "value": 56147.0,
    "sim_clock": "2020-01-01 10:54:30"
  },
  {
    "value": 56431.0,
    "sim_clock": "2020-01-01 10:55:00"
  },
  {
    "value": 56529.0,
    "sim_clock": "2020-01-01 10:55:30"
  },
  {
    "value": 56657.0,
    "sim_clock": "2020-01-01 10:56:00"
  },
  {
    "value": 56700.0,
    "sim_clock": "2020-01-01 10:56:30"
  },
  {
    "value": 56882.0,
    "sim_clock": "2020-01-01 10:57:00"
  },
  {
    "value": 56924.0,
    "sim_clock": "2020-01-01 10:57:30"
  },
  {
    "value": 57121.0,
    "sim_clock": "2020-01-01 10:58:00"
  },
  {
    "value": 57441.0,
    "sim_clock": "2020-01-01 10:58:30"
  },
  {
    "value": 57692.0,
    "sim_clock": "2020-01-01 10:59:00"
  },
  {
    "value": 57861.0,
    "sim_clock": "2020-01-01 10:59:30"
  },
  {
    "value": 58053.0,
    "sim_clock": "2020-01-01 11:00:00"
  },
  {
    "value": 58225.0,
    "sim_clock": "2020-01-01 11:00:30"
  },
  {
    "value": 58614.0,
    "sim_clock": "2020-01-01 11:01:00"
  },
  {
    "value": 58758.0,
    "sim_clock": "2020-01-01 11:01:30"
  },
  {
    "value": 58979.0,
    "sim_clock": "2020-01-01 11:02:00"
  },
  {
    "value": 59070.0,
    "sim_clock": "2020-01-01 11:02:30"
  },
  {
    "value": 59100.0,
    "sim_clock": "2020-01-01 11:03:00"
  },
  {
    "value": 59299.0,
    "sim_clock": "2020-01-01 11:03:30"
  },
  {
    "value": 59358.0,
    "sim_clock": "2020-01-01 11:04:00"
  },
  {
    "value": 59399.0,
    "sim_clock": "2020-01-01 11:04:30"
  },
  {
    "value": 59474.0,
    "sim_clock": "2020-01-01 11:05:00"
  },
  {
    "value": 59663.0,
    "sim_clock": "2020-01-01 11:05:30"
  },
  {
    "value": 59879.0,
    "sim_clock": "2020-01-01 11:06:00"
  },
  {
    "value": 60019.0,
    "sim_clock": "2020-01-01 11:06:30"
  },
  {
    "value": 60154.0,
    "sim_clock": "2020-01-01 11:07:00"
  },
  {
    "value": 60324.0,
    "sim_clock": "2020-01-01 11:07:30"
  },
  {
    "value": 60380.0,
    "sim_clock": "2020-01-01 11:08:00"
  },
  {
    "value": 60498.0,
    "sim_clock": "2020-01-01 11:08:30"
  },
  {
    "value": 60637.0,
    "sim_clock": "2020-01-01 11:09:00"
  },
  {
    "value": 60739.0,
    "sim_clock": "2020-01-01 11:09:30"
  },
  {
    "value": 61019.0,
    "sim_clock": "2020-01-01 11:10:00"
  },
  {
    "value": 61302.0,
    "sim_clock": "2020-01-01 11:10:30"
  },
  {
    "value": 61341.0,
    "sim_clock": "2020-01-01 11:11:00"
  },
  {
    "value": 61503.0,
    "sim_clock": "2020-01-01 11:11:30"
  },
  {
    "value": 61842.0,
    "sim_clock": "2020-01-01 11:12:00"
  },
  {
    "value": 61940.0,
    "sim_clock": "2020-01-01 11:12:30"
  },
  {
    "value": 62068.0,
    "sim_clock": "2020-01-01 11:13:00"
  },
  {
    "value": 62440.0,
    "sim_clock": "2020-01-01 11:13:30"
  },
  {
    "value": 62559.0,
    "sim_clock": "2020-01-01 11:14:00"
  },
  {
    "value": 62809.0,
    "sim_clock": "2020-01-01 11:14:30"
  },
  {
    "value": 63211.0,
    "sim_clock": "2020-01-01 11:15:00"
  },
  {
    "value": 63277.0,
    "sim_clock": "2020-01-01 11:15:30"
  },
  {
    "value": 63532.0,
    "sim_clock": "2020-01-01 11:16:00"
  },
  {
    "value": 63919.0,
    "sim_clock": "2020-01-01 11:16:30"
  },
  {
    "value": 63919.0,
    "sim_clock": "2020-01-01 11:17:00"
  },
  {
    "value": 64178.0,
    "sim_clock": "2020-01-01 11:17:30"
  },
  {
    "value": 64279.0,
    "sim_clock": "2020-01-01 11:18:00"
  },
  {
    "value": 64350.0,
    "sim_clock": "2020-01-01 11:18:30"
  },
  {
    "value": 64403.0,
    "sim_clock": "2020-01-01 11:19:00"
  },
  {
    "value": 64432.0,
    "sim_clock": "2020-01-01 11:19:30"
  },
  {
    "value": 64806.0,
    "sim_clock": "2020-01-01 11:20:00"
  },
  {
    "value": 64898.0,
    "sim_clock": "2020-01-01 11:20:30"
  },
  {
    "value": 65180.0,
    "sim_clock": "2020-01-01 11:21:00"
  },
  {
    "value": 65347.0,
    "sim_clock": "2020-01-01 11:21:30"
  },
  {
    "value": 65698.0,
    "sim_clock": "2020-01-01 11:22:00"
  },
  {
    "value": 65890.0,
    "sim_clock": "2020-01-01 11:22:30"
  },
  {
    "value": 65989.0,
    "sim_clock": "2020-01-01 11:23:00"
  },
  {
    "value": 66366.0,
    "sim_clock": "2020-01-01 11:23:30"
  },
  {
    "value": 66388.0,
    "sim_clock": "2020-01-01 11:24:00"
  },
  {
    "value": 66434.0,
    "sim_clock": "2020-01-01 11:24:30"
  },
  {
    "value": 66725.0,
    "sim_clock": "2020-01-01 11:25:00"
  },
  {
    "value": 66905.0,
    "sim_clock": "2020-01-01 11:25:30"
  },
  {
    "value": 67203.0,
    "sim_clock": "2020-01-01 11:26:00"
  },
  {
    "value": 67302.0,
    "sim_clock": "2020-01-01 11:26:30"
  },
  {
    "value": 67416.0,
    "sim_clock": "2020-01-01 11:27:00"
  },
  {
    "value": 67620.0,
    "sim_clock": "2020-01-01 11:27:30"
  },
  {
    "value": 67865.0,
    "sim_clock": "2020-01-01 11:28:00"
  },
  {
    "value": 68016.0,
    "sim_clock": "2020-01-01 11:28:30"
  },
  {
    "value": 68239.0,
    "sim_clock": "2020-01-01 11:29:00"
  },
  {
    "value": 68362.0,
    "sim_clock": "2020-01-01 11:29:30"
  },
  {
    "value": 68494.0,
    "sim_clock": "2020-01-01 11:30:00"
  },
  {
    "value": 68705.0,
    "sim_clock": "2020-01-01 11:30:30"
  },
  {
    "value": 68757.0,
    "sim_clock": "2020-01-01 11:31:00"
  },
  {
    "value": 69032.0,
    "sim_clock": "2020-01-01 11:31:30"
  },
  {
    "value": 69298.0,
    "sim_clock": "2020-01-01 11:32:00"
  },
  {
    "value": 69373.0,
    "sim_clock": "2020-01-01 11:32:30"
  },
  {
    "value": 69528.0,
    "sim_clock": "2020-01-01 11:33:00"
  },
  {
    "value": 69611.0,
    "sim_clock": "2020-01-01 11:33:30"
  },
  {
    "value": 69800.0,
    "sim_clock": "2020-01-01 11:34:00"
  },
  {
    "value": 69822.0,
    "sim_clock": "2020-01-01 11:34:30"
  },
  {
    "value": 70263.0,
    "sim_clock": "2020-01-01 11:35:00"
  },
  {
    "value": 70483.0,
    "sim_clock": "2020-01-01 11:35:30"
  },
  {
    "value": 70510.0,
    "sim_clock": "2020-01-01 11:36:00"
  },
  {
    "value": 70569.0,
    "sim_clock": "2020-01-01 11:36:30"
  },
  {
    "value": 70762.0,
    "sim_clock": "2020-01-01 11:37:00"
  },
  {
    "value": 70884.0,
    "sim_clock": "2020-01-01 11:37:30"
  },
  {
    "value": 71306.0,
    "sim_clock": "2020-01-01 11:38:00"
  },
  {
    "value": 71383.0,
    "sim_clock": "2020-01-01 11:38:30"
  },
  {
    "value": 71383.0,
    "sim_clock": "2020-01-01 11:39:00"
  },
  {
    "value": 71518.0,
    "sim_clock": "2020-01-01 11:39:30"
  },
  {
    "value": 71613.0,
    "sim_clock": "2020-01-01 11:40:00"
  },
  {
    "value": 71768.0,
    "sim_clock": "2020-01-01 11:40:30"
  },
  {
    "value": 71854.0,
    "sim_clock": "2020-01-01 11:41:00"
  },
  {
    "value": 72055.0,
    "sim_clock": "2020-01-01 11:41:30"
  },
  {
    "value": 72185.0,
    "sim_clock": "2020-01-01 11:42:00"
  },
  {
    "value": 72277.0,
    "sim_clock": "2020-01-01 11:42:30"
  },
  {
    "value": 72465.0,
    "sim_clock": "2020-01-01 11:43:00"
  },
  {
    "value": 72547.0,
    "sim_clock": "2020-01-01 11:43:30"
  },
  {
    "value": 72643.0,
    "sim_clock": "2020-01-01 11:44:00"
  },
  {
    "value": 72977.0,
    "sim_clock": "2020-01-01 11:44:30"
  },
  {
    "value": 73015.0,
    "sim_clock": "2020-01-01 11:45:00"
  },
  {
    "value": 73334.0,
    "sim_clock": "2020-01-01 11:45:30"
  },
  {
    "value": 73776.0,
    "sim_clock": "2020-01-01 11:46:00"
  },
  {
    "value": 73867.0,
    "sim_clock": "2020-01-01 11:46:30"
  },
  {
    "value": 74158.0,
    "sim_clock": "2020-01-01 11:47:00"
  },
  {
    "value": 74399.0,
    "sim_clock": "2020-01-01 11:47:30"
  },
  {
    "value": 74409.0,
    "sim_clock": "2020-01-01 11:48:00"
  },
  {
    "value": 74464.0,
    "sim_clock": "2020-01-01 11:48:30"
  },
  {
    "value": 74644.0,
    "sim_clock": "2020-01-01 11:49:00"
  },
  {
    "value": 74765.0,
    "sim_clock": "2020-01-01 11:49:30"
  },
  {
    "value": 75264.0,
    "sim_clock": "2020-01-01 11:50:00"
  },
  {
    "value": 75439.0,
    "sim_clock": "2020-01-01 11:50:30"
  },
  {
    "value": 75736.0,
    "sim_clock": "2020-01-01 11:51:00"
  },
  {
    "value": 76025.0,
    "sim_clock": "2020-01-01 11:51:30"
  },
  {
    "value": 76025.0,
    "sim_clock": "2020-01-01 11:52:00"
  },
  {
    "value": 76223.0,
    "sim_clock": "2020-01-01 11:52:30"
  },
  {
    "value": 76223.0,
    "sim_clock": "2020-01-01 11:53:00"
  },
  {
    "value": 76292.0,
    "sim_clock": "2020-01-01 11:53:30"
  },
  {
    "value": 76338.0,
    "sim_clock": "2020-01-01 11:54:00"
  },
  {
    "value": 76466.0,
    "sim_clock": "2020-01-01 11:54:30"
  },
  {
    "value": 76592.0,
    "sim_clock": "2020-01-01 11:55:00"
  },
  {
    "value": 76794.0,
    "sim_clock": "2020-01-01 11:55:30"
  },
  {
    "value": 76794.0,
    "sim_clock": "2020-01-01 11:56:00"
  },
  {
    "value": 77007.0,
    "sim_clock": "2020-01-01 11:56:30"
  },
  {
    "value": 77092.0,
    "sim_clock": "2020-01-01 11:57:00"
  },
  {
    "value": 77174.0,
    "sim_clock": "2020-01-01 11:57:30"
  },
  {
    "value": 77191.0,
    "sim_clock": "2020-01-01 11:58:00"
  },
  {
    "value": 77501.0,
    "sim_clock": "2020-01-01 11:58:30"
  },
  {
    "value": 77503.0,
    "sim_clock": "2020-01-01 11:59:00"
  },
  {
    "value": 77503.0,
    "sim_clock": "2020-01-01 11:59:30"
  }
]