[
  {
    "value": NaN,
    "sim_clock": "2020-01-01 08:00:00"
  },
  {
    "value": NaN,
    "sim_clock": "2020-01-01 08:00:30"
  },
  {
    "value": NaN,
    "sim_clock": "2020-01-01 08:01:00"
  },
  {
    "value": NaN,
    "sim_clock": "2020-01-01 08:01:30"
  },
  {
    "value": NaN,
    "sim_clock": "2020-01-01 08:02:00"
  },
  {
    "value": NaN,
    "sim_clock": "2020-01-01 08:02:30"
  },
  {
    "value": NaN,
    "sim_clock": "2020-01-01 08:03:00"
  },
  {
    "value": NaN,
    "sim_clock": "2020-01-01 08:03:30"
  },
  {
    "value": NaN,
    "sim_clock": "2020-01-01 08:04:00"
  },
  {
    "value": NaN,
    "sim_clock": "2020-01-01 08:04:30"
  },
  {
    "value": NaN,
    "sim_clock": "2020-01-01 08:05:00"
  },
  {
    "value": NaN,
    "sim_clock": "2020-01-01 08:05:30"
  },
  {
    "value": 90.0,
    "sim_clock": "2020-01-01 08:06:00"
  },
  {
    "value": 90.0,
    "sim_clock": "2020-01-01 08:06:30"
  },
  {
    "value": 90.0,
    "sim_clock": "2020-01-01 08:07:00"
  },
  {
    "value": 90.0,
    "sim_clock": "2020-01-01 08:07:30"
  },
  {
    "value": 90.0,
    "sim_clock": "2020-01-01 08:08:00"
  },
  {
    "value": 90.0,
    "sim_clock": "2020-01-01 08:08:30"
  },
  {
    "value": 90.0,
    "sim_clock": "2020-01-01 08:09:00"
  },
  {
    "value": 90.0,
    "sim_clock": "2020-01-01 08:09:30"
  },
  {
    "value": 105.0,
    "sim_clock": "2020-01-01 08:10:00"
  },
  {
    "value": 100.0,
    "sim_clock": "2020-01-01 08:10:30"
  },
  {
    "value": 114.0,
    "sim_clock": "2020-01-01 08:11:00"
  },
  {
    "value": 110.0,
    "sim_clock": "2020-01-01 08:11:30"
  },
  {
    "value": 125.0,
    "sim_clock": "2020-01-01 08:12:00"
  },
  {
    "value": 125.21739130434783,
    "sim_clock": "2020-01-01 08:12:30"
  },
  {
    "value": 121.15384615384616,
    "sim_clock": "2020-01-01 08:13:00"
  },
  {
    "value": 121.93548387096774,
    "sim_clock": "2020-01-01 08:13:30"
  },
  {
    "value": 121.875,
    "sim_clock": "2020-01-01 08:14:00"
  },
  {
    "value": 120.0,
    "sim_clock": "2020-01-01 08:14:30"
  },
  {
    "value": 120.0,
    "sim_clock": "2020-01-01 08:15:00"
  },
  {
    "value": 121.36363636363636,
    "sim_clock": "2020-01-01 08:15:30"
  },
  {
    "value": 118.75,
    "sim_clock": "2020-01-01 08:16:00"
  },
  {
    "value": 116.53846153846153,
    "sim_clock": "2020-01-01 08:16:30"
  },
  {
    "value": 117.81818181818181,
    "sim_clock": "2020-01-01 08:17:00"
  },
  {
    "value": 117.32142857142857,
    "sim_clock": "2020-01-01 08:17:30"
  },
  {
    "value": 118.0,
    "sim_clock": "2020-01-01 08:18:00"
  },
  {
    "value": 120.9090909090909,
    "sim_clock": "2020-01-01 08:18:30"
  },
  {
    "value": 119.14285714285714,
    "sim_clock": "2020-01-01 08:19:00"
  },
  {
    "value": 116.84210526315789,
    "sim_clock": "2020-01-01 08:19:30"
  },
  {
    "value": 116.88311688311688,
    "sim_clock": "2020-01-01 08:20:00"
  },
  {
    "value": 115.71428571428571,
    "sim_clock": "2020-01-01 08:20:30"
  },
  {
    "value": 115.80645161290323,
    "sim_clock": "2020-01-01 08:21:00"
  },
  {
    "value": 114.74226804123711,
    "sim_clock": "2020-01-01 08:21:30"
  },
  {
    "value": 115.24752475247524,
    "sim_clock": "2020-01-01 08:22:00"
  },
  {
    "value": 116.45454545454545,
    "sim_clock": "2020-01-01 08:22:30"
  },
  {
    "value": 115.75221238938053,
    "sim_clock": "2020-01-01 08:23:00"
  },
  {
    "value": 115.82608695652173,
    "sim_clock": "2020-01-01 08:23:30"
  },
  {
    "value": 116.03305785123968,
    "sim_clock": "2020-01-01 08:24:00"
  },
  {
    "value": 115.60975609756098,
    "sim_clock": "2020-01-01 08:24:30"
  },
  {
    "value": 115.15384615384616,
    "sim_clock": "2020-01-01 08:25:00"
  },
  {
    "value": 115.26315789473684,
    "sim_clock": "2020-01-01 08:25:30"
  },
  {
    "value": 115.8695652173913,
    "sim_clock": "2020-01-01 08:26:00"
  },
  {
    "value": 115.31914893617021,
    "sim_clock": "2020-01-01 08:26:30"
  },
  {
    "value": 117.34693877551021,
    "sim_clock": "2020-01-01 08:27:00"
  },
  {
    "value": 118.8157894736842,
    "sim_clock": "2020-01-01 08:27:30"
  },
  {
    "value": 118.44155844155844,
    "sim_clock": "2020-01-01 08:28:00"
  },
  {
    "value": 118.07692307692308,
    "sim_clock": "2020-01-01 08:28:30"
  },
  {
    "value": 118.67924528301887,
    "sim_clock": "2020-01-01 08:29:00"
  },
  {
    "value": 118.35365853658537,
    "sim_clock": "2020-01-01 08:29:30"
  },
  {
    "value": 117.85714285714286,
    "sim_clock": "2020-01-01 08:30:00"
  },
  {
    "value": 118.23529411764706,
    "sim_clock": "2020-01-01 08:30:30"
  },
  {
    "value": 118.43023255813954,
    "sim_clock": "2020-01-01 08:31:00"
  },
  {
    "value": 118.43023255813954,
    "sim_clock": "2020-01-01 08:31:30"
  },
  {
    "value": 118.10344827586206,
    "sim_clock": "2020-01-01 08:32:00"
  },
  {
    "value": 118.01104972375691,
    "sim_clock": "2020-01-01 08:32:30"
  },
  {
    "value": 118.54054054054055,
    "sim_clock": "2020-01-01 08:33:00"
  },
  {
    "value": 118.57142857142857,
    "sim_clock": "2020-01-01 08:33:30"
  },
  {
    "value": 119.68586387434554,
    "sim_clock": "2020-01-01 08:34:00"
  },
  {
    "value": 119.84536082474227,
    "sim_clock": "2020-01-01 08:34:30"
  },
  {
    "value": 119.84536082474227,
    "sim_clock": "2020-01-01 08:35:00"
  },
  {
    "value": 123.03030303030303,
    "sim_clock": "2020-01-01 08:35:30"
  },
  {
    "value": 122.52475247524752,
    "sim_clock": "2020-01-01 08:36:00"
  },
  {
    "value": 125.97087378640776,
    "sim_clock": "2020-01-01 08:36:30"
  },
  {
    "value": 125.79710144927536,
    "sim_clock": "2020-01-01 08:37:00"
  },
  {
    "value": 126.52777777777777,
    "sim_clock": "2020-01-01 08:37:30"
  },
  {
    "value": 126.4090909090909,
    "sim_clock": "2020-01-01 08:38:00"
  },
  {
    "value": 126.24434389140272,
    "sim_clock": "2020-01-01 08:38:30"
  },
  {
    "value": 126.5625,
    "sim_clock": "2020-01-01 08:39:00"
  },
  {
    "value": 127.83185840707965,
    "sim_clock": "2020-01-01 08:39:30"
  },
  {
    "value": 127.66519823788546,
    "sim_clock": "2020-01-01 08:40:00"
  },
  {
    "value": 128.77729257641923,
    "sim_clock": "2020-01-01 08:40:30"
  },
  {
    "value": 129.27038626609442,
    "sim_clock": "2020-01-01 08:41:00"
  },
  {
    "value": 129.10256410256412,
    "sim_clock": "2020-01-01 08:41:30"
  },
  {
    "value": 130.875,
    "sim_clock": "2020-01-01 08:42:00"
  },
  {
    "value": 132.39669421487602,
    "sim_clock": "2020-01-01 08:42:30"
  },
  {
    "value": 133.9506172839506,
    "sim_clock": "2020-01-01 08:43:00"
  },
  {
    "value": 139.1902834008097,
    "sim_clock": "2020-01-01 08:43:30"
  },
  {
    "value": 140.91633466135457,
    "sim_clock": "2020-01-01 08:44:00"
  },
  {
    "value": 144.8235294117647,
    "sim_clock": "2020-01-01 08:44:30"
  },
  {
    "value": 145.78125,
    "sim_clock": "2020-01-01 08:45:00"
  },
  {
    "value": 145.91439688715954,
    "sim_clock": "2020-01-01 08:45:30"
  },
  {
    "value": 147.70992366412213,
    "sim_clock": "2020-01-01 08:46:00"
  },
  {
    "value": 147.27272727272728,
    "sim_clock": "2020-01-01 08:46:30"
  },
  {
    "value": 149.66165413533835,
    "sim_clock": "2020-01-01 08:47:00"
  },
  {
    "value": 149.43820224719101,
    "sim_clock": "2020-01-01 08:47:30"
  },
  {
    "value": 151.22222222222223,
    "sim_clock": "2020-01-01 08:48:00"
  },
  {
    "value": 153.2967032967033,
    "sim_clock": "2020-01-01 08:48:30"
  },
  {
    "value": 154.2391304347826,
    "sim_clock": "2020-01-01 08:49:00"
  },
  {
    "value": 155.53191489361703,
    "sim_clock": "2020-01-01 08:49:30"
  },
  {
    "value": 155.57894736842104,
    "sim_clock": "2020-01-01 08:50:00"
  },
  {
    "value": 156.53979238754326,
    "sim_clock": "2020-01-01 08:50:30"
  },
  {
    "value": 157.32203389830508,
    "sim_clock": "2020-01-01 08:51:00"
  },
  {
    "value": 158.989898989899,
    "sim_clock": "2020-01-01 08:51:30"
  },
  {
    "value": 159.93311036789297,
    "sim_clock": "2020-01-01 08:52:00"
  },
  {
    "value": 161.8421052631579,
    "sim_clock": "2020-01-01 08:52:30"
  },
  {
    "value": 163.23529411764707,
    "sim_clock": "2020-01-01 08:53:00"
  },
  {
    "value": 163.21543408360128,
    "sim_clock": "2020-01-01 08:53:30"
  },
  {
    "value": 164.2811501597444,
    "sim_clock": "2020-01-01 08:54:00"
  },
  {
    "value": 165.0,
    "sim_clock": "2020-01-01 08:54:30"
  },
  {
    "value": 166.583850931677,
    "sim_clock": "2020-01-01 08:55:00"
  },
  {
    "value": 166.99690402476782,
    "sim_clock": "2020-01-01 08:55:30"
  },
  {
    "value": 167.12962962962962,
    "sim_clock": "2020-01-01 08:56:00"
  },
  {
    "value": 171.06382978723406,
    "sim_clock": "2020-01-01 08:56:30"
  },
  {
    "value": 173.08383233532933,
    "sim_clock": "2020-01-01 08:57:00"
  },
  {
    "value": 173.05637982195844,
    "sim_clock": "2020-01-01 08:57:30"
  },
  {
    "value": 174.36950146627566,
    "sim_clock": "2020-01-01 08:58:00"
  },
  {
    "value": 176.62824207492795,
    "sim_clock": "2020-01-01 08:58:30"
  },
  {
    "value": 176.62824207492795,
    "sim_clock": "2020-01-01 08:59:00"
  },
  {
    "value": 177.6,
    "sim_clock": "2020-01-01 08:59:30"
  },
  {
    "value": 178.30028328611897,
    "sim_clock": "2020-01-01 09:00:00"
  },
  {
    "value": 178.41666666666666,
    "sim_clock": "2020-01-01 09:00:30"
  },
  {
    "value": 178.41666666666666,
    "sim_clock": "2020-01-01 09:01:00"
  },
  {
    "value": 178.34254143646407,
    "sim_clock": "2020-01-01 09:01:30"
  },
  {
    "value": 178.76712328767124,
    "sim_clock": "2020-01-01 09:02:00"
  },
  {
    "value": 179.26829268292684,
    "sim_clock": "2020-01-01 09:02:30"
  },
  {
    "value": 179.67567567567568,
    "sim_clock": "2020-01-01 09:03:00"
  },
  {
    "value": 179.51482479784366,
    "sim_clock": "2020-01-01 09:03:30"
  },
  {
    "value": 178.3244680851064,
    "sim_clock": "2020-01-01 09:04:00"
  },
  {
    "value": 178.16976127320956,
    "sim_clock": "2020-01-01 09:04:30"
  },
  {
    "value": 178.10526315789474,
    "sim_clock": "2020-01-01 09:05:00"
  },
  {
    "value": 178.515625,
    "sim_clock": "2020-01-01 09:05:30"
  },
  {
    "value": 177.90697674418604,
    "sim_clock": "2020-01-01 09:06:00"
  },
  {
    "value": 179.15384615384616,
    "sim_clock": "2020-01-01 09:06:30"
  },
  {
    "value": 179.38618925831202,
    "sim_clock": "2020-01-01 09:07:00"
  },
  {
    "value": 178.85786802030458,
    "sim_clock": "2020-01-01 09:07:30"
  },
  {
    "value": 179.5533498759305,
    "sim_clock": "2020-01-01 09:08:00"
  },
  {
    "value": 179.4814814814815,
    "sim_clock": "2020-01-01 09:08:30"
  },
  {
    "value": 179.9273607748184,
    "sim_clock": "2020-01-01 09:09:00"
  },
  {
    "value": 181.28878281622912,
    "sim_clock": "2020-01-01 09:09:30"
  },
  {
    "value": 182.07142857142858,
    "sim_clock": "2020-01-01 09:10:00"
  },
  {
    "value": 181.85273159144893,
    "sim_clock": "2020-01-01 09:10:30"
  },
  {
    "value": 181.85273159144893,
    "sim_clock": "2020-01-01 09:11:00"
  },
  {
    "value": 182.74647887323943,
    "sim_clock": "2020-01-01 09:11:30"
  },
  {
    "value": 182.4532710280374,
    "sim_clock": "2020-01-01 09:12:00"
  },
  {
    "value": 182.15777262180976,
    "sim_clock": "2020-01-01 09:12:30"
  },
  {
    "value": 181.87066974595842,
    "sim_clock": "2020-01-01 09:13:00"
  },
  {
    "value": 183.09633027522935,
    "sim_clock": "2020-01-01 09:13:30"
  },
  {
    "value": 182.9318181818182,
    "sim_clock": "2020-01-01 09:14:00"
  },
  {
    "value": 182.57336343115125,
    "sim_clock": "2020-01-01 09:14:30"
  },
  {
    "value": 182.08053691275168,
    "sim_clock": "2020-01-01 09:15:00"
  },
  {
    "value": 182.72727272727272,
    "sim_clock": "2020-01-01 09:15:30"
  },
  {
    "value": 183.0989010989011,
    "sim_clock": "2020-01-01 09:16:00"
  },
  {
    "value": 183.33333333333334,
    "sim_clock": "2020-01-01 09:16:30"
  },
  {
    "value": 183.38394793926247,
    "sim_clock": "2020-01-01 09:17:00"
  },
  {
    "value": 183.03879310344828,
    "sim_clock": "2020-01-01 09:17:30"
  },
  {
    "value": 182.83261802575106,
    "sim_clock": "2020-01-01 09:18:00"
  },
  {
    "value": 184.14893617021278,
    "sim_clock": "2020-01-01 09:18:30"
  },
  {
    "value": 183.58490566037736,
    "sim_clock": "2020-01-01 09:19:00"
  },
  {
    "value": 184.258872651357,
    "sim_clock": "2020-01-01 09:19:30"
  },
  {
    "value": 183.7344398340249,
    "sim_clock": "2020-01-01 09:20:00"
  },
  {
    "value": 183.90495867768595,
    "sim_clock": "2020-01-01 09:20:30"
  },
  {
    "value": 183.7037037037037,
    "sim_clock": "2020-01-01 09:21:00"
  },
  {
    "value": 186.80161943319837,
    "sim_clock": "2020-01-01 09:21:30"
  },
  {
    "value": 187.00598802395209,
    "sim_clock": "2020-01-01 09:22:00"
  },
  {
    "value": 186.73956262425446,
    "sim_clock": "2020-01-01 09:22:30"
  },
  {
    "value": 186.73956262425446,
    "sim_clock": "2020-01-01 09:23:00"
  },
  {
    "value": 187.5147928994083,
    "sim_clock": "2020-01-01 09:23:30"
  },
  {
    "value": 187.1037181996086,
    "sim_clock": "2020-01-01 09:24:00"
  },
  {
    "value": 187.1037181996086,
    "sim_clock": "2020-01-01 09:24:30"
  },
  {
    "value": 187.2514619883041,
    "sim_clock": "2020-01-01 09:25:00"
  },
  {
    "value": 186.963249516441,
    "sim_clock": "2020-01-01 09:25:30"
  },
  {
    "value": 186.4367816091954,
    "sim_clock": "2020-01-01 09:26:00"
  },
  {
    "value": 186.61596958174906,
    "sim_clock": "2020-01-01 09:26:30"
  },
  {
    "value": 186.2593984962406,
    "sim_clock": "2020-01-01 09:27:00"
  },
  {
    "value": 186.78504672897196,
    "sim_clock": "2020-01-01 09:27:30"
  },
  {
    "value": 187.0391061452514,
    "sim_clock": "2020-01-01 09:28:00"
  },
  {
    "value": 186.9702602230483,
    "sim_clock": "2020-01-01 09:28:30"
  },
  {
    "value": 186.72794117647058,
    "sim_clock": "2020-01-01 09:29:00"
  },
  {
    "value": 186.84306569343065,
    "sim_clock": "2020-01-01 09:29:30"
  },
  {
    "value": 186.86025408348456,
    "sim_clock": "2020-01-01 09:30:00"
  },
  {
    "value": 186.88969258589512,
    "sim_clock": "2020-01-01 09:30:30"
  },
  {
    "value": 187.27109515260324,
    "sim_clock": "2020-01-01 09:31:00"
  },
  {
    "value": 187.76785714285714,
    "sim_clock": "2020-01-01 09:31:30"
  },
  {
    "value": 188.28318584070797,
    "sim_clock": "2020-01-01 09:32:00"
  },
  {
    "value": 188.82042253521126,
    "sim_clock": "2020-01-01 09:32:30"
  },
  {
    "value": 189.24693520140104,
    "sim_clock": "2020-01-01 09:33:00"
  },
  {
    "value": 188.93728222996515,
    "sim_clock": "2020-01-01 09:33:30"
  },
  {
    "value": 188.76521739130436,
    "sim_clock": "2020-01-01 09:34:00"
  },
  {
    "value": 188.7263339070568,
    "sim_clock": "2020-01-01 09:34:30"
  },
  {
    "value": 188.7263339070568,
    "sim_clock": "2020-01-01 09:35:00"
  },
  {
    "value": 188.98972602739727,
    "sim_clock": "2020-01-01 09:35:30"
  },
  {
    "value": 189.1326530612245,
    "sim_clock": "2020-01-01 09:36:00"
  },
  {
    "value": 189.20741989881955,
    "sim_clock": "2020-01-01 09:36:30"
  },
  {
    "value": 189.05,
    "sim_clock": "2020-01-01 09:37:00"
  },
  {
    "value": 188.5430463576159,
    "sim_clock": "2020-01-01 09:37:30"
  },
  {
    "value": 188.86699507389162,
    "sim_clock": "2020-01-01 09:38:00"
  },
  {
    "value": 189.5253682487725,
    "sim_clock": "2020-01-01 09:38:30"
  },
  {
    "value": 189.80392156862746,
    "sim_clock": "2020-01-01 09:39:00"
  },
  {
    "value": 189.88580750407831,
    "sim_clock": "2020-01-01 09:39:30"
  },
  {
    "value": 189.70873786407768,
    "sim_clock": "2020-01-01 09:40:00"
  },
  {
    "value": 189.83922829581994,
    "sim_clock": "2020-01-01 09:40:30"
  },
  {
    "value": 191.87599364069953,
    "sim_clock": "2020-01-01 09:41:00"
  },
  {
    "value": 191.87599364069953,
    "sim_clock": "2020-01-01 09:41:30"
  },
  {
    "value": 192.29430379746836,
    "sim_clock": "2020-01-01 09:42:00"
  },
  {
    "value": 192.22748815165878,
    "sim_clock": "2020-01-01 09:42:30"
  },
  {
    "value": 192.574568288854,
    "sim_clock": "2020-01-01 09:43:00"
  },
  {
    "value": 193.3644859813084,
    "sim_clock": "2020-01-01 09:43:30"
  },
  {
    "value": 193.374613003096,
    "sim_clock": "2020-01-01 09:44:00"
  },
  {
    "value": 193.72881355932202,
    "sim_clock": "2020-01-01 09:44:30"
  },
  {
    "value": 193.84615384615384,
    "sim_clock": "2020-01-01 09:45:00"
  },
  {
    "value": 194.74885844748857,
    "sim_clock": "2020-01-01 09:45:30"
  },
  {
    "value": 196.0,
    "sim_clock": "2020-01-01 09:46:00"
  },
  {
    "value": 198.54135338345864,
    "sim_clock": "2020-01-01 09:46:30"
  },
  {
    "value": 198.7332339791356,
    "sim_clock": "2020-01-01 09:47:00"
  },
  {
    "value": 198.91691394658753,
    "sim_clock": "2020-01-01 09:47:30"
  },
  {
    "value": 199.40915805022158,
    "sim_clock": "2020-01-01 09:48:00"
  },
  {
    "value": 200.3681885125184,
    "sim_clock": "2020-01-01 09:48:30"
  },
  {
    "value": 201.31578947368422,
    "sim_clock": "2020-01-01 09:49:00"
  },
  {
    "value": 201.9533527696793,
    "sim_clock": "2020-01-01 09:49:30"
  },
  {
    "value": 203.1936416184971,
    "sim_clock": "2020-01-01 09:50:00"
  },
  {
    "value": 203.0071942446043,
    "sim_clock": "2020-01-01 09:50:30"
  },
  {
    "value": 203.25214899713467,
    "sim_clock": "2020-01-01 09:51:00"
  },
  {
    "value": 204.00855920114122,
    "sim_clock": "2020-01-01 09:51:30"
  },
  {
    "value": 203.8122332859175,
    "sim_clock": "2020-01-01 09:52:00"
  },
  {
    "value": 204.04255319148936,
    "sim_clock": "2020-01-01 09:52:30"
  },
  {
    "value": 205.0070521861777,
    "sim_clock": "2020-01-01 09:53:00"
  },
  {
    "value": 205.48523206751054,
    "sim_clock": "2020-01-01 09:53:30"
  },
  {
    "value": 205.8765778401122,
    "sim_clock": "2020-01-01 09:54:00"
  },
  {
    "value": 205.8403361344538,
    "sim_clock": "2020-01-01 09:54:30"
  },
  {
    "value": 207.2841225626741,
    "sim_clock": "2020-01-01 09:55:00"
  },
  {
    "value": 207.2461752433936,
    "sim_clock": "2020-01-01 09:55:30"
  },
  {
    "value": 207.37864077669903,
    "sim_clock": "2020-01-01 09:56:00"
  },
  {
    "value": 208.17427385892117,
    "sim_clock": "2020-01-01 09:56:30"
  },
  {
    "value": 208.22314049586777,
    "sim_clock": "2020-01-01 09:57:00"
  },
  {
    "value": 208.64383561643837,
    "sim_clock": "2020-01-01 09:57:30"
  },
  {
    "value": 208.80984952120383,
    "sim_clock": "2020-01-01 09:58:00"
  },
  {
    "value": 208.78213802435724,
    "sim_clock": "2020-01-01 09:58:30"
  },
  {
    "value": 209.3135935397039,
    "sim_clock": "2020-01-01 09:59:00"
  },
  {
    "value": 210.92122830440587,
    "sim_clock": "2020-01-01 09:59:30"
  },
  {
    "value": 210.83888149134486,
    "sim_clock": "2020-01-01 10:00:00"
  },
  {
    "value": 212.1003963011889,
    "sim_clock": "2020-01-01 10:00:30"
  },
  {
    "value": 212.64822134387353,
    "sim_clock": "2020-01-01 10:01:00"
  },
  {
    "value": 213.65183246073298,
    "sim_clock": "2020-01-01 10:01:30"
  },
  {
    "value": 213.6078431372549,
    "sim_clock": "2020-01-01 10:02:00"
  },
  {
    "value": 213.58907672301692,
    "sim_clock": "2020-01-01 10:02:30"
  },
  {
    "value": 213.62337662337663,
    "sim_clock": "2020-01-01 10:03:00"
  },
  {
    "value": 213.46303501945525,
    "sim_clock": "2020-01-01 10:03:30"
  },
  {
    "value": 213.84217335058216,
    "sim_clock": "2020-01-01 10:04:00"
  },
  {
    "value": 214.05927835051546,
    "sim_clock": "2020-01-01 10:04:30"
  },
  {
    "value": 215.15384615384616,
    "sim_clock": "2020-01-01 10:05:00"
  },
  {
    "value": 216.66666666666666,
    "sim_clock": "2020-01-01 10:05:30"
  },
  {
    "value": 216.93773824650572,
    "sim_clock": "2020-01-01 10:06:00"
  },
  {
    "value": 216.6920152091255,
    "sim_clock": "2020-01-01 10:06:30"
  },
  {
    "value": 216.873417721519,
    "sim_clock": "2020-01-01 10:07:00"
  },
  {
    "value": 217.79319041614124,
    "sim_clock": "2020-01-01 10:07:30"
  },
  {
    "value": 217.593984962406,
    "sim_clock": "2020-01-01 10:08:00"
  },
  {
    "value": 217.98507462686567,
    "sim_clock": "2020-01-01 10:08:30"
  },
  {
    "value": 218.85856079404468,
    "sim_clock": "2020-01-01 10:09:00"
  },
  {
    "value": 219.04820766378245,
    "sim_clock": "2020-01-01 10:09:30"
  },
  {
    "value": 219.88929889298893,
    "sim_clock": "2020-01-01 10:10:00"
  },
  {
    "value": 220.281517747858,
    "sim_clock": "2020-01-01 10:10:30"
  },
  {
    "value": 221.20437956204378,
    "sim_clock": "2020-01-01 10:11:00"
  },
  {
    "value": 221.8401937046005,
    "sim_clock": "2020-01-01 10:11:30"
  },
  {
    "value": 222.21686746987953,
    "sim_clock": "2020-01-01 10:12:00"
  },
  {
    "value": 222.76978417266187,
    "sim_clock": "2020-01-01 10:12:30"
  },
  {
    "value": 222.91866028708134,
    "sim_clock": "2020-01-01 10:13:00"
  },
  {
    "value": 223.17857142857142,
    "sim_clock": "2020-01-01 10:13:30"
  },
  {
    "value": 223.73665480427047,
    "sim_clock": "2020-01-01 10:14:00"
  },
  {
    "value": 224.78773584905662,
    "sim_clock": "2020-01-01 10:14:30"
  },
  {
    "value": 225.5099648300117,
    "sim_clock": "2020-01-01 10:15:00"
  },
  {
    "value": 225.2280701754386,
    "sim_clock": "2020-01-01 10:15:30"
  },
  {
    "value": 226.0092807424594,
    "sim_clock": "2020-01-01 10:16:00"
  },
  {
    "value": 226.38568129330255,
    "sim_clock": "2020-01-01 10:16:30"
  },
  {
    "value": 226.8469505178366,
    "sim_clock": "2020-01-01 10:17:00"
  },
  {
    "value": 227.2018348623853,
    "sim_clock": "2020-01-01 10:17:30"
  },
  {
    "value": 227.41714285714286,
    "sim_clock": "2020-01-01 10:18:00"
  },
  {
    "value": 227.41714285714286,
    "sim_clock": "2020-01-01 10:18:30"
  },
  {
    "value": 227.46013667425967,
    "sim_clock": "2020-01-01 10:19:00"
  },
  {
    "value": 227.2058823529412,
    "sim_clock": "2020-01-01 10:19:30"
  },
  {
    "value": 226.74182638105975,
    "sim_clock": "2020-01-01 10:20:00"
  },
  {
    "value": 226.87289088863892,
    "sim_clock": "2020-01-01 10:20:30"
  },
  {
    "value": 226.56215005599105,
    "sim_clock": "2020-01-01 10:21:00"
  },
  {
    "value": 226.65551839464882,
    "sim_clock": "2020-01-01 10:21:30"
  },
  {
    "value": 226.72949002217294,
    "sim_clock": "2020-01-01 10:22:00"
  },
  {
    "value": 227.82178217821783,
    "sim_clock": "2020-01-01 10:22:30"
  },
  {
    "value": 227.82178217821783,
    "sim_clock": "2020-01-01 10:23:00"
  },
  {
    "value": 227.7497255762898,
    "sim_clock": "2020-01-01 10:23:30"
  },
  {
    "value": 227.5873362445415,
    "sim_clock": "2020-01-01 10:24:00"
  },
  {
    "value": 227.6413043478261,
    "sim_clock": "2020-01-01 10:24:30"
  },
  {
    "value": 227.29144095341277,
    "sim_clock": "2020-01-01 10:25:00"
  },
  {
    "value": 227.5974025974026,
    "sim_clock": "2020-01-01 10:25:30"
  },
  {
    "value": 227.30021598272137,
    "sim_clock": "2020-01-01 10:26:00"
  },
  {
    "value": 227.53498385360604,
    "sim_clock": "2020-01-01 10:26:30"
  },
  {
    "value": 227.5483870967742,
    "sim_clock": "2020-01-01 10:27:00"
  },
  {
    "value": 228.0,
    "sim_clock": "2020-01-01 10:27:30"
  },
  {
    "value": 228.39323467230443,
    "sim_clock": "2020-01-01 10:28:00"
  },
  {
    "value": 228.52476290832456,
    "sim_clock": "2020-01-01 10:28:30"
  },
  {
    "value": 228.24579831932772,
    "sim_clock": "2020-01-01 10:29:00"
  },
  {
    "value": 228.45911949685535,
    "sim_clock": "2020-01-01 10:29:30"
  },
  {
    "value": 228.24451410658307,
    "sim_clock": "2020-01-01 10:30:00"
  },
  {
    "value": 228.25678496868477,
    "sim_clock": "2020-01-01 10:30:30"
  },
  {
    "value": 228.1438998957247,
    "sim_clock": "2020-01-01 10:31:00"
  },
  {
    "value": 228.24324324324326,
    "sim_clock": "2020-01-01 10:31:30"
  },
  {
    "value": 228.47107438016528,
    "sim_clock": "2020-01-01 10:32:00"
  },
  {
    "value": 229.41358024691357,
    "sim_clock": "2020-01-01 10:32:30"
  },
  {
    "value": 229.31211498973306,
    "sim_clock": "2020-01-01 10:33:00"
  },
  {
    "value": 229.64249233912156,
    "sim_clock": "2020-01-01 10:33:30"
  },
  {
    "value": 230.253807106599,
    "sim_clock": "2020-01-01 10:34:00"
  },
  {
    "value": 230.2325581395349,
    "sim_clock": "2020-01-01 10:34:30"
  },
  {
    "value": 230.2325581395349,
    "sim_clock": "2020-01-01 10:35:00"
  },
  {
    "value": 230.44354838709677,
    "sim_clock": "2020-01-01 10:35:30"
  },
  {
    "value": 230.61183550651955,
    "sim_clock": "2020-01-01 10:36:00"
  },
  {
    "value": 230.82917082917083,
    "sim_clock": "2020-01-01 10:36:30"
  },
  {
    "value": 230.54835493519442,
    "sim_clock": "2020-01-01 10:37:00"
  },
  {
    "value": 230.59701492537314,
    "sim_clock": "2020-01-01 10:37:30"
  },
  {
    "value": 231.69642857142858,
    "sim_clock": "2020-01-01 10:38:00"
  },
  {
    "value": 231.6320474777448,
    "sim_clock": "2020-01-01 10:38:30"
  },
  {
    "value": 231.93675889328063,
    "sim_clock": "2020-01-01 10:39:00"
  },
  {
    "value": 231.8503937007874,
    "sim_clock": "2020-01-01 10:39:30"
  },
  {
    "value": 232.198233562316,
    "sim_clock": "2020-01-01 10:40:00"
  },
  {
    "value": 232.6027397260274,
    "sim_clock": "2020-01-01 10:40:30"
  },
  {
    "value": 233.2069970845481,
    "sim_clock": "2020-01-01 10:41:00"
  },
  {
    "value": 233.37209302325581,
    "sim_clock": "2020-01-01 10:41:30"
  },
  {
    "value": 233.22393822393823,
    "sim_clock": "2020-01-01 10:42:00"
  },
  {
    "value": 234.03458213256485,
    "sim_clock": "2020-01-01 10:42:30"
  },
  {
    "value": 234.42528735632183,
    "sim_clock": "2020-01-01 10:43:00"
  },
  {
    "value": 234.42528735632183,
    "sim_clock": "2020-01-01 10:43:30"
  },
  {
    "value": 234.64183381088824,
    "sim_clock": "2020-01-01 10:44:00"
  },
  {
    "value": 235.14285714285714,
    "sim_clock": "2020-01-01 10:44:30"
  },
  {
    "value": 235.13282732447817,
    "sim_clock": "2020-01-01 10:45:00"
  },
  {
    "value": 235.72641509433961,
    "sim_clock": "2020-01-01 10:45:30"
  },
  {
    "value": 235.70216776625824,
    "sim_clock": "2020-01-01 10:46:00"
  },
  {
    "value": 235.74248120300751,
    "sim_clock": "2020-01-01 10:46:30"
  },
  {
    "value": 236.20431115276477,
    "sim_clock": "2020-01-01 10:47:00"
  },
  {
    "value": 236.01869158878506,
    "sim_clock": "2020-01-01 10:47:30"
  },
  {
    "value": 236.15241635687732,
    "sim_clock": "2020-01-01 10:48:00"
  },
  {
    "value": 236.10750695088043,
    "sim_clock": "2020-01-01 10:48:30"
  },
  {
    "value": 236.0351201478743,
    "sim_clock": "2020-01-01 10:49:00"
  },
  {
    "value": 236.74931129476585,
    "sim_clock": "2020-01-01 10:49:30"
  },
  {
    "value": 236.78571428571428,
    "sim_clock": "2020-01-01 10:50:00"
  },
  {
    "value": 237.23540145985402,
    "sim_clock": "2020-01-01 10:50:30"
  },
  {
    "value": 237.25045372050818,
    "sim_clock": "2020-01-01 10:51:00"
  },
  {
    "value": 237.14673913043478,
    "sim_clock": "2020-01-01 10:51:30"
  },
  {
    "value": 237.3170731707317,
    "sim_clock": "2020-01-01 10:52:00"
  },
  {
    "value": 237.62376237623764,
    "sim_clock": "2020-01-01 10:52:30"
  },
  {
    "value": 237.62376237623764,
    "sim_clock": "2020-01-01 10:53:00"
  },
  {
    "value": 237.79569892473117,
    "sim_clock": "2020-01-01 10:53:30"
  },
  {
    "value": 237.77479892761394,
    "sim_clock": "2020-01-01 10:54:00"
  },
  {
    "value": 238.02139037433156,
    "sim_clock": "2020-01-01 10:54:30"
  },
  {
    "value": 237.92369121561669,
    "sim_clock": "2020-01-01 10:55:00"
  },
  {
    "value": 238.0371352785146,
    "sim_clock": "2020-01-01 10:55:30"
  },
  {
    "value": 237.7797356828194,
    "sim_clock": "2020-01-01 10:56:00"
  },
  {
    "value": 238.0193661971831,
    "sim_clock": "2020-01-01 10:56:30"
  },
  {
    "value": 238.0772607550483,
    "sim_clock": "2020-01-01 10:57:00"
  },
  {
    "value": 238.05263157894737,
    "sim_clock": "2020-01-01 10:57:30"
  },
  {
    "value": 238.47769028871392,
    "sim_clock": "2020-01-01 10:58:00"
  },
  {
    "value": 238.58885017421602,
    "sim_clock": "2020-01-01 10:58:30"
  },
  {
    "value": 238.41145833333334,
    "sim_clock": "2020-01-01 10:59:00"
  },
  {
    "value": 238.5726643598616,
    "sim_clock": "2020-01-01 10:59:30"
  },
  {
    "value": 238.60224331320103,
    "sim_clock": "2020-01-01 11:00:00"
  },
  {
    "value": 238.81239242685027,
    "sim_clock": "2020-01-01 11:00:30"
  },
  {
    "value": 238.84615384615384,
    "sim_clock": "2020-01-01 11:01:00"
  },
  {
    "value": 238.79897785349235,
    "sim_clock": "2020-01-01 11:01:30"
  },
  {
    "value": 239.28692699490662,
    "sim_clock": "2020-01-01 11:02:00"
  },
  {
    "value": 239.1864406779661,
    "sim_clock": "2020-01-01 11:02:30"
  },
  {
    "value": 239.03553299492387,
    "sim_clock": "2020-01-01 11:03:00"
  },
  {
    "value": 239.06408094435076,
    "sim_clock": "2020-01-01 11:03:30"
  },
  {
    "value": 239.0648694187026,
    "sim_clock": "2020-01-01 11:04:00"
  },
  {
    "value": 239.0151515151515,
    "sim_clock": "2020-01-01 11:04:30"
  },
  {
    "value": 239.19259882253996,
    "sim_clock": "2020-01-01 11:05:00"
  },
  {
    "value": 239.44677284157586,
    "sim_clock": "2020-01-01 11:05:30"
  },
  {
    "value": 239.62406015037595,
    "sim_clock": "2020-01-01 11:06:00"
  },
  {
    "value": 239.5,
    "sim_clock": "2020-01-01 11:06:30"
  },
  {
    "value": 239.35162094763092,
    "sim_clock": "2020-01-01 11:07:00"
  },
  {
    "value": 239.47804473902238,
    "sim_clock": "2020-01-01 11:07:30"
  },
  {
    "value": 239.3791390728477,
    "sim_clock": "2020-01-01 11:08:00"
  },
  {
    "value": 239.92561983471074,
    "sim_clock": "2020-01-01 11:08:30"
  },
  {
    "value": 240.6177924217463,
    "sim_clock": "2020-01-01 11:09:00"
  },
  {
    "value": 240.64144736842104,
    "sim_clock": "2020-01-01 11:09:30"
  },
  {
    "value": 240.56511056511056,
    "sim_clock": "2020-01-01 11:10:00"
  },
  {
    "value": 240.51386623164763,
    "sim_clock": "2020-01-01 11:10:30"
  },
  {
    "value": 240.51344743276283,
    "sim_clock": "2020-01-01 11:11:00"
  },
  {
    "value": 241.02355808285947,
    "sim_clock": "2020-01-01 11:11:30"
  },
  {
    "value": 241.06709781729992,
    "sim_clock": "2020-01-01 11:12:00"
  },
  {
    "value": 240.8958837772397,
    "sim_clock": "2020-01-01 11:12:30"
  },
  {
    "value": 240.45856798069187,
    "sim_clock": "2020-01-01 11:13:00"
  },
  {
    "value": 240.336,
    "sim_clock": "2020-01-01 11:13:30"
  },
  {
    "value": 240.14354066985646,
    "sim_clock": "2020-01-01 11:14:00"
  },
  {
    "value": 240.47581284694687,
    "sim_clock": "2020-01-01 11:14:30"
  },
  {
    "value": 240.3078137332281,
    "sim_clock": "2020-01-01 11:15:00"
  },
  {
    "value": 240.2602523659306,
    "sim_clock": "2020-01-01 11:15:30"
  },
  {
    "value": 240.0706436420722,
    "sim_clock": "2020-01-01 11:16:00"
  },
  {
    "value": 239.9061767005473,
    "sim_clock": "2020-01-01 11:16:30"
  },
  {
    "value": 239.9061767005473,
    "sim_clock": "2020-01-01 11:17:00"
  },
  {
    "value": 239.71940763834763,
    "sim_clock": "2020-01-01 11:17:30"
  },
  {
    "value": 239.81337480559876,
    "sim_clock": "2020-01-01 11:18:00"
  },
  {
    "value": 239.7437888198758,
    "sim_clock": "2020-01-01 11:18:30"
  },
  {
    "value": 239.69790859798607,
    "sim_clock": "2020-01-01 11:19:00"
  },
  {
    "value": 239.48955916473318,
    "sim_clock": "2020-01-01 11:19:30"
  },
  {
    "value": 239.3990755007704,
    "sim_clock": "2020-01-01 11:20:00"
  },
  {
    "value": 239.35334872979215,
    "sim_clock": "2020-01-01 11:20:30"
  },
  {
    "value": 239.72413793103448,
    "sim_clock": "2020-01-01 11:21:00"
  },
  {
    "value": 239.79342004590666,
    "sim_clock": "2020-01-01 11:21:30"
  },
  {
    "value": 239.6115765422696,
    "sim_clock": "2020-01-01 11:22:00"
  },
  {
    "value": 239.77203647416414,
    "sim_clock": "2020-01-01 11:22:30"
  },
  {
    "value": 240.0227617602428,
    "sim_clock": "2020-01-01 11:23:00"
  },
  {
    "value": 240.0679758308157,
    "sim_clock": "2020-01-01 11:23:30"
  },
  {
    "value": 239.9547511312217,
    "sim_clock": "2020-01-01 11:24:00"
  },
  {
    "value": 239.88696307460438,
    "sim_clock": "2020-01-01 11:24:30"
  },
  {
    "value": 240.04497751124438,
    "sim_clock": "2020-01-01 11:25:00"
  },
  {
    "value": 240.40358744394618,
    "sim_clock": "2020-01-01 11:25:30"
  },
  {
    "value": 241.1177347242921,
    "sim_clock": "2020-01-01 11:26:00"
  },
  {
    "value": 240.98214285714286,
    "sim_clock": "2020-01-01 11:26:30"
  },
  {
    "value": 241.2704309063893,
    "sim_clock": "2020-01-01 11:27:00"
  },
  {
    "value": 241.37777777777777,
    "sim_clock": "2020-01-01 11:27:30"
  },
  {
    "value": 241.5719557195572,
    "sim_clock": "2020-01-01 11:28:00"
  },
  {
    "value": 241.96757553426676,
    "sim_clock": "2020-01-01 11:28:30"
  },
  {
    "value": 241.80616740088107,
    "sim_clock": "2020-01-01 11:29:00"
  },
  {
    "value": 242.06593406593407,
    "sim_clock": "2020-01-01 11:29:30"
  },
  {
    "value": 242.0409656181419,
    "sim_clock": "2020-01-01 11:30:00"
  },
  {
    "value": 242.08029197080293,
    "sim_clock": "2020-01-01 11:30:30"
  },
  {
    "value": 242.2740524781341,
    "sim_clock": "2020-01-01 11:31:00"
  },
  {
    "value": 242.09302325581396,
    "sim_clock": "2020-01-01 11:31:30"
  },
  {
    "value": 242.45296671490593,
    "sim_clock": "2020-01-01 11:32:00"
  },
  {
    "value": 242.6228323699422,
    "sim_clock": "2020-01-01 11:32:30"
  },
  {
    "value": 242.8983417447729,
    "sim_clock": "2020-01-01 11:33:00"
  },
  {
    "value": 242.74298056155507,
    "sim_clock": "2020-01-01 11:33:30"
  },
  {
    "value": 242.84278535534816,
    "sim_clock": "2020-01-01 11:34:00"
  },
  {
    "value": 242.75466284074605,
    "sim_clock": "2020-01-01 11:34:30"
  },
  {
    "value": 243.35948644793152,
    "sim_clock": "2020-01-01 11:35:00"
  },
  {
    "value": 243.34754797441366,
    "sim_clock": "2020-01-01 11:35:30"
  },
  {
    "value": 243.4943181818182,
    "sim_clock": "2020-01-01 11:36:00"
  },
  {
    "value": 243.51312987934705,
    "sim_clock": "2020-01-01 11:36:30"
  },
  {
    "value": 243.5031847133758,
    "sim_clock": "2020-01-01 11:37:00"
  },
  {
    "value": 243.49576271186442,
    "sim_clock": "2020-01-01 11:37:30"
  },
  {
    "value": 243.68679775280899,
    "sim_clock": "2020-01-01 11:38:00"
  },
  {
    "value": 243.74736842105264,
    "sim_clock": "2020-01-01 11:38:30"
  },
  {
    "value": 243.74736842105264,
    "sim_clock": "2020-01-01 11:39:00"
  },
  {
    "value": 244.0966386554622,
    "sim_clock": "2020-01-01 11:39:30"
  },
  {
    "value": 244.38155136268344,
    "sim_clock": "2020-01-01 11:40:00"
  },
  {
    "value": 244.30662020905925,
    "sim_clock": "2020-01-01 11:40:30"
  },
  {
    "value": 244.38413361169103,
    "sim_clock": "2020-01-01 11:41:00"
  },
  {
    "value": 244.55933379597502,
    "sim_clock": "2020-01-01 11:41:30"
  },
  {
    "value": 244.73356401384083,
    "sim_clock": "2020-01-01 11:42:00"
  },
  {
    "value": 244.7270214236351,
    "sim_clock": "2020-01-01 11:42:30"
  },
  {
    "value": 244.53103448275863,
    "sim_clock": "2020-01-01 11:43:00"
  },
  {
    "value": 244.4658855961406,
    "sim_clock": "2020-01-01 11:43:30"
  },
  {
    "value": 244.6249139710943,
    "sim_clock": "2020-01-01 11:44:00"
  },
  {
    "value": 244.9965729952022,
    "sim_clock": "2020-01-01 11:44:30"
  },
  {
    "value": 244.93150684931507,
    "sim_clock": "2020-01-01 11:45:00"
  },
  {
    "value": 245.05457025920873,
    "sim_clock": "2020-01-01 11:45:30"
  },
  {
    "value": 245.2642276422764,
    "sim_clock": "2020-01-01 11:46:00"
  },
  {
    "value": 245.62246278755075,
    "sim_clock": "2020-01-01 11:46:30"
  },
  {
    "value": 245.5151515151515,
    "sim_clock": "2020-01-01 11:47:00"
  },
  {
    "value": 246.0483870967742,
    "sim_clock": "2020-01-01 11:47:30"
  },
  {
    "value": 246.02417730020147,
    "sim_clock": "2020-01-01 11:48:00"
  },
  {
    "value": 246.21730382293762,
    "sim_clock": "2020-01-01 11:48:30"
  },
  {
    "value": 246.80267558528428,
    "sim_clock": "2020-01-01 11:49:00"
  },
  {
    "value": 246.8937875751503,
    "sim_clock": "2020-01-01 11:49:30"
  },
  {
    "value": 247.99867021276594,
    "sim_clock": "2020-01-01 11:50:00"
  },
  {
    "value": 248.08228268082283,
    "sim_clock": "2020-01-01 11:50:30"
  },
  {
    "value": 248.16015883520848,
    "sim_clock": "2020-01-01 11:51:00"
  },
  {
    "value": 248.64775725593668,
    "sim_clock": "2020-01-01 11:51:30"
  },
  {
    "value": 248.64775725593668,
    "sim_clock": "2020-01-01 11:52:00"
  },
  {
    "value": 248.4023668639053,
    "sim_clock": "2020-01-01 11:52:30"
  },
  {
    "value": 248.4023668639053,
    "sim_clock": "2020-01-01 11:53:00"
  },
  {
    "value": 248.64740643466843,
    "sim_clock": "2020-01-01 11:53:30"
  },
  {
    "value": 249.16120576671037,
    "sim_clock": "2020-01-01 11:54:00"
  },
  {
    "value": 249.3394375408764,
    "sim_clock": "2020-01-01 11:54:30"
  },
  {
    "value": 249.4448073154801,
    "sim_clock": "2020-01-01 11:55:00"
  },
  {
    "value": 249.3615635179153,
    "sim_clock": "2020-01-01 11:55:30"
  },
  {
    "value": 249.3615635179153,
    "sim_clock": "2020-01-01 11:56:00"
  },
  {
    "value": 249.23976608187135,
    "sim_clock": "2020-01-01 11:56:30"
  },
  {
    "value": 249.28015564202335,
    "sim_clock": "2020-01-01 11:57:00"
  },
  {
    "value": 249.04854368932038,
    "sim_clock": "2020-01-01 11:57:30"
  },
  {
    "value": 249.02328589909445,
    "sim_clock": "2020-01-01 11:58:00"
  },
  {
    "value": 249.0522243713733,
    "sim_clock": "2020-01-01 11:58:30"
  },
  {
    "value": 248.94974226804123,
    "sim_clock": "2020-01-01 11:59:00"
  },
  {
    "value": 248.94974226804123,
    "sim_clock": "2020-01-01 11:59:30"
  }
]