[
  {
    "value": NaN,
    "sim_clock": "2020-01-01 08:00:00"
  },
  {
    "value": NaN,
    "sim_clock": "2020-01-01 08:00:30"
  },
  {
    "value": NaN,
    "sim_clock": "2020-01-01 08:01:00"
  },
  {
    "value": NaN,
    "sim_clock": "2020-01-01 08:01:30"
  },
  {
    "value": NaN,
    "sim_clock": "2020-01-01 08:02:00"
  },
  {
    "value": NaN,
    "sim_clock": "2020-01-01 08:02:30"
  },
  {
    "value": NaN,
    "sim_clock": "2020-01-01 08:03:00"
  },
  {
    "value": NaN,
    "sim_clock": "2020-01-01 08:03:30"
  },
  {
    "value": NaN,
    "sim_clock": "2020-01-01 08:04:00"
  },
  {
    "value": NaN,
    "sim_clock": "2020-01-01 08:04:30"
  },
  {
    "value": NaN,
    "sim_clock": "2020-01-01 08:05:00"
  },
  {
    "value": NaN,
    "sim_clock": "2020-01-01 08:05:30"
  },
  {
    "value": 300.0,
    "sim_clock": "2020-01-01 08:06:00"
  },
  {
    "value": 300.0,
    "sim_clock": "2020-01-01 08:06:30"
  },
  {
    "value": 300.0,
    "sim_clock": "2020-01-01 08:07:00"
  },
  {
    "value": 300.0,
    "sim_clock": "2020-01-01 08:07:30"
  },
  {
    "value": 300.0,
    "sim_clock": "2020-01-01 08:08:00"
  },
  {
    "value": 360.0,
    "sim_clock": "2020-01-01 08:08:30"
  },
  {
    "value": 360.0,
    "sim_clock": "2020-01-01 08:09:00"
  },
  {
    "value": 300.0,
    "sim_clock": "2020-01-01 08:09:30"
  },
  {
    "value": 307.5,
    "sim_clock": "2020-01-01 08:10:00"
  },
  {
    "value": 335.0,
    "sim_clock": "2020-01-01 08:10:30"
  },
  {
    "value": 402.0,
    "sim_clock": "2020-01-01 08:11:00"
  },
  {
    "value": 425.0,
    "sim_clock": "2020-01-01 08:11:30"
  },
  {
    "value": 431.6666666666667,
    "sim_clock": "2020-01-01 08:12:00"
  },
  {
    "value": 439.5652173913044,
    "sim_clock": "2020-01-01 08:12:30"
  },
  {
    "value": 450.0,
    "sim_clock": "2020-01-01 08:13:00"
  },
  {
    "value": 463.5483870967742,
    "sim_clock": "2020-01-01 08:13:30"
  },
  {
    "value": 461.25,
    "sim_clock": "2020-01-01 08:14:00"
  },
  {
    "value": 450.0,
    "sim_clock": "2020-01-01 08:14:30"
  },
  {
    "value": 446.25,
    "sim_clock": "2020-01-01 08:15:00"
  },
  {
    "value": 465.0,
    "sim_clock": "2020-01-01 08:15:30"
  },
  {
    "value": 475.625,
    "sim_clock": "2020-01-01 08:16:00"
  },
  {
    "value": 483.46153846153845,
    "sim_clock": "2020-01-01 08:16:30"
  },
  {
    "value": 489.8181818181818,
    "sim_clock": "2020-01-01 08:17:00"
  },
  {
    "value": 489.10714285714283,
    "sim_clock": "2020-01-01 08:17:30"
  },
  {
    "value": 492.5,
    "sim_clock": "2020-01-01 08:18:00"
  },
  {
    "value": 495.45454545454544,
    "sim_clock": "2020-01-01 08:18:30"
  },
  {
    "value": 503.57142857142856,
    "sim_clock": "2020-01-01 08:19:00"
  },
  {
    "value": 502.89473684210526,
    "sim_clock": "2020-01-01 08:19:30"
  },
  {
    "value": 504.54545454545456,
    "sim_clock": "2020-01-01 08:20:00"
  },
  {
    "value": 507.14285714285717,
    "sim_clock": "2020-01-01 08:20:30"
  },
  {
    "value": 505.80645161290323,
    "sim_clock": "2020-01-01 08:21:00"
  },
  {
    "value": 508.45360824742266,
    "sim_clock": "2020-01-01 08:21:30"
  },
  {
    "value": 507.9207920792079,
    "sim_clock": "2020-01-01 08:22:00"
  },
  {
    "value": 500.1818181818182,
    "sim_clock": "2020-01-01 08:22:30"
  },
  {
    "value": 505.75221238938053,
    "sim_clock": "2020-01-01 08:23:00"
  },
  {
    "value": 506.0869565217391,
    "sim_clock": "2020-01-01 08:23:30"
  },
  {
    "value": 505.78512396694214,
    "sim_clock": "2020-01-01 08:24:00"
  },
  {
    "value": 505.1219512195122,
    "sim_clock": "2020-01-01 08:24:30"
  },
  {
    "value": 504.46153846153845,
    "sim_clock": "2020-01-01 08:25:00"
  },
  {
    "value": 501.65413533834584,
    "sim_clock": "2020-01-01 08:25:30"
  },
  {
    "value": 506.7391304347826,
    "sim_clock": "2020-01-01 08:26:00"
  },
  {
    "value": 508.51063829787233,
    "sim_clock": "2020-01-01 08:26:30"
  },
  {
    "value": 510.81632653061223,
    "sim_clock": "2020-01-01 08:27:00"
  },
  {
    "value": 516.7105263157895,
    "sim_clock": "2020-01-01 08:27:30"
  },
  {
    "value": 517.987012987013,
    "sim_clock": "2020-01-01 08:28:00"
  },
  {
    "value": 519.2307692307693,
    "sim_clock": "2020-01-01 08:28:30"
  },
  {
    "value": 518.1132075471698,
    "sim_clock": "2020-01-01 08:29:00"
  },
  {
    "value": 521.1585365853658,
    "sim_clock": "2020-01-01 08:29:30"
  },
  {
    "value": 520.1785714285714,
    "sim_clock": "2020-01-01 08:30:00"
  },
  {
    "value": 522.3529411764706,
    "sim_clock": "2020-01-01 08:30:30"
  },
  {
    "value": 519.7674418604652,
    "sim_clock": "2020-01-01 08:31:00"
  },
  {
    "value": 519.7674418604652,
    "sim_clock": "2020-01-01 08:31:30"
  },
  {
    "value": 521.8965517241379,
    "sim_clock": "2020-01-01 08:32:00"
  },
  {
    "value": 523.5911602209944,
    "sim_clock": "2020-01-01 08:32:30"
  },
  {
    "value": 524.1081081081081,
    "sim_clock": "2020-01-01 08:33:00"
  },
  {
    "value": 524.7619047619048,
    "sim_clock": "2020-01-01 08:33:30"
  },
  {
    "value": 525.5497382198953,
    "sim_clock": "2020-01-01 08:34:00"
  },
  {
    "value": 523.2989690721649,
    "sim_clock": "2020-01-01 08:34:30"
  },
  {
    "value": 523.2989690721649,
    "sim_clock": "2020-01-01 08:35:00"
  },
  {
    "value": 522.7272727272727,
    "sim_clock": "2020-01-01 08:35:30"
  },
  {
    "value": 521.4356435643564,
    "sim_clock": "2020-01-01 08:36:00"
  },
  {
    "value": 520.4854368932039,
    "sim_clock": "2020-01-01 08:36:30"
  },
  {
    "value": 520.7246376811594,
    "sim_clock": "2020-01-01 08:37:00"
  },
  {
    "value": 519.5833333333334,
    "sim_clock": "2020-01-01 08:37:30"
  },
  {
    "value": 522.0,
    "sim_clock": "2020-01-01 08:38:00"
  },
  {
    "value": 521.8099547511313,
    "sim_clock": "2020-01-01 08:38:30"
  },
  {
    "value": 519.5089285714286,
    "sim_clock": "2020-01-01 08:39:00"
  },
  {
    "value": 519.4247787610619,
    "sim_clock": "2020-01-01 08:39:30"
  },
  {
    "value": 519.5154185022027,
    "sim_clock": "2020-01-01 08:40:00"
  },
  {
    "value": 518.2532751091703,
    "sim_clock": "2020-01-01 08:40:30"
  },
  {
    "value": 518.755364806867,
    "sim_clock": "2020-01-01 08:41:00"
  },
  {
    "value": 519.2307692307693,
    "sim_clock": "2020-01-01 08:41:30"
  },
  {
    "value": 519.0,
    "sim_clock": "2020-01-01 08:42:00"
  },
  {
    "value": 518.1818181818181,
    "sim_clock": "2020-01-01 08:42:30"
  },
  {
    "value": 517.283950617284,
    "sim_clock": "2020-01-01 08:43:00"
  },
  {
    "value": 516.6801619433198,
    "sim_clock": "2020-01-01 08:43:30"
  },
  {
    "value": 514.183266932271,
    "sim_clock": "2020-01-01 08:44:00"
  },
  {
    "value": 514.3529411764706,
    "sim_clock": "2020-01-01 08:44:30"
  },
  {
    "value": 513.046875,
    "sim_clock": "2020-01-01 08:45:00"
  },
  {
    "value": 512.2178988326848,
    "sim_clock": "2020-01-01 08:45:30"
  },
  {
    "value": 511.8320610687023,
    "sim_clock": "2020-01-01 08:46:00"
  },
  {
    "value": 512.1590909090909,
    "sim_clock": "2020-01-01 08:46:30"
  },
  {
    "value": 511.01503759398497,
    "sim_clock": "2020-01-01 08:47:00"
  },
  {
    "value": 510.7865168539326,
    "sim_clock": "2020-01-01 08:47:30"
  },
  {
    "value": 510.1111111111111,
    "sim_clock": "2020-01-01 08:48:00"
  },
  {
    "value": 510.7692307692308,
    "sim_clock": "2020-01-01 08:48:30"
  },
  {
    "value": 512.7173913043479,
    "sim_clock": "2020-01-01 08:49:00"
  },
  {
    "value": 512.7659574468086,
    "sim_clock": "2020-01-01 08:49:30"
  },
  {
    "value": 511.89473684210526,
    "sim_clock": "2020-01-01 08:50:00"
  },
  {
    "value": 509.3771626297578,
    "sim_clock": "2020-01-01 08:50:30"
  },
  {
    "value": 508.6779661016949,
    "sim_clock": "2020-01-01 08:51:00"
  },
  {
    "value": 508.8888888888889,
    "sim_clock": "2020-01-01 08:51:30"
  },
  {
    "value": 508.9966555183947,
    "sim_clock": "2020-01-01 08:52:00"
  },
  {
    "value": 508.7171052631579,
    "sim_clock": "2020-01-01 08:52:30"
  },
  {
    "value": 508.4313725490196,
    "sim_clock": "2020-01-01 08:53:00"
  },
  {
    "value": 508.45659163987136,
    "sim_clock": "2020-01-01 08:53:30"
  },
  {
    "value": 507.4121405750799,
    "sim_clock": "2020-01-01 08:54:00"
  },
  {
    "value": 508.39622641509436,
    "sim_clock": "2020-01-01 08:54:30"
  },
  {
    "value": 507.48447204968943,
    "sim_clock": "2020-01-01 08:55:00"
  },
  {
    "value": 506.8421052631579,
    "sim_clock": "2020-01-01 08:55:30"
  },
  {
    "value": 507.22222222222223,
    "sim_clock": "2020-01-01 08:56:00"
  },
  {
    "value": 505.8966565349544,
    "sim_clock": "2020-01-01 08:56:30"
  },
  {
    "value": 504.52095808383234,
    "sim_clock": "2020-01-01 08:57:00"
  },
  {
    "value": 503.7685459940653,
    "sim_clock": "2020-01-01 08:57:30"
  },
  {
    "value": 504.4574780058651,
    "sim_clock": "2020-01-01 08:58:00"
  },
  {
    "value": 503.2564841498559,
    "sim_clock": "2020-01-01 08:58:30"
  },
  {
    "value": 503.2564841498559,
    "sim_clock": "2020-01-01 08:59:00"
  },
  {
    "value": 503.0571428571429,
    "sim_clock": "2020-01-01 08:59:30"
  },
  {
    "value": 503.0311614730878,
    "sim_clock": "2020-01-01 09:00:00"
  },
  {
    "value": 505.1666666666667,
    "sim_clock": "2020-01-01 09:00:30"
  },
  {
    "value": 505.1666666666667,
    "sim_clock": "2020-01-01 09:01:00"
  },
  {
    "value": 504.69613259668506,
    "sim_clock": "2020-01-01 09:01:30"
  },
  {
    "value": 503.9178082191781,
    "sim_clock": "2020-01-01 09:02:00"
  },
  {
    "value": 504.390243902439,
    "sim_clock": "2020-01-01 09:02:30"
  },
  {
    "value": 505.13513513513516,
    "sim_clock": "2020-01-01 09:03:00"
  },
  {
    "value": 505.87601078167114,
    "sim_clock": "2020-01-01 09:03:30"
  },
  {
    "value": 506.968085106383,
    "sim_clock": "2020-01-01 09:04:00"
  },
  {
    "value": 506.8965517241379,
    "sim_clock": "2020-01-01 09:04:30"
  },
  {
    "value": 507.0,
    "sim_clock": "2020-01-01 09:05:00"
  },
  {
    "value": 506.953125,
    "sim_clock": "2020-01-01 09:05:30"
  },
  {
    "value": 507.2093023255814,
    "sim_clock": "2020-01-01 09:06:00"
  },
  {
    "value": 507.38461538461536,
    "sim_clock": "2020-01-01 09:06:30"
  },
  {
    "value": 506.7774936061381,
    "sim_clock": "2020-01-01 09:07:00"
  },
  {
    "value": 506.34517766497464,
    "sim_clock": "2020-01-01 09:07:30"
  },
  {
    "value": 506.575682382134,
    "sim_clock": "2020-01-01 09:08:00"
  },
  {
    "value": 507.7037037037037,
    "sim_clock": "2020-01-01 09:08:30"
  },
  {
    "value": 508.61985472154964,
    "sim_clock": "2020-01-01 09:09:00"
  },
  {
    "value": 509.49880668257754,
    "sim_clock": "2020-01-01 09:09:30"
  },
  {
    "value": 509.5,
    "sim_clock": "2020-01-01 09:10:00"
  },
  {
    "value": 510.0712589073634,
    "sim_clock": "2020-01-01 09:10:30"
  },
  {
    "value": 510.0712589073634,
    "sim_clock": "2020-01-01 09:11:00"
  },
  {
    "value": 510.28169014084506,
    "sim_clock": "2020-01-01 09:11:30"
  },
  {
    "value": 510.35046728971963,
    "sim_clock": "2020-01-01 09:12:00"
  },
  {
    "value": 511.04408352668213,
    "sim_clock": "2020-01-01 09:12:30"
  },
  {
    "value": 511.8706697459584,
    "sim_clock": "2020-01-01 09:13:00"
  },
  {
    "value": 511.23853211009174,
    "sim_clock": "2020-01-01 09:13:30"
  },
  {
    "value": 511.97727272727275,
    "sim_clock": "2020-01-01 09:14:00"
  },
  {
    "value": 512.3702031602709,
    "sim_clock": "2020-01-01 09:14:30"
  },
  {
    "value": 512.2147651006711,
    "sim_clock": "2020-01-01 09:15:00"
  },
  {
    "value": 512.9268292682926,
    "sim_clock": "2020-01-01 09:15:30"
  },
  {
    "value": 513.5604395604396,
    "sim_clock": "2020-01-01 09:16:00"
  },
  {
    "value": 513.0718954248366,
    "sim_clock": "2020-01-01 09:16:30"
  },
  {
    "value": 512.407809110629,
    "sim_clock": "2020-01-01 09:17:00"
  },
  {
    "value": 512.198275862069,
    "sim_clock": "2020-01-01 09:17:30"
  },
  {
    "value": 512.5751072961374,
    "sim_clock": "2020-01-01 09:18:00"
  },
  {
    "value": 511.78723404255317,
    "sim_clock": "2020-01-01 09:18:30"
  },
  {
    "value": 513.8993710691824,
    "sim_clock": "2020-01-01 09:19:00"
  },
  {
    "value": 513.7578288100209,
    "sim_clock": "2020-01-01 09:19:30"
  },
  {
    "value": 513.298755186722,
    "sim_clock": "2020-01-01 09:20:00"
  },
  {
    "value": 513.2231404958678,
    "sim_clock": "2020-01-01 09:20:30"
  },
  {
    "value": 512.8395061728395,
    "sim_clock": "2020-01-01 09:21:00"
  },
  {
    "value": 513.1578947368421,
    "sim_clock": "2020-01-01 09:21:30"
  },
  {
    "value": 512.9940119760479,
    "sim_clock": "2020-01-01 09:22:00"
  },
  {
    "value": 513.6381709741551,
    "sim_clock": "2020-01-01 09:22:30"
  },
  {
    "value": 513.6381709741551,
    "sim_clock": "2020-01-01 09:23:00"
  },
  {
    "value": 513.3136094674556,
    "sim_clock": "2020-01-01 09:23:30"
  },
  {
    "value": 514.0508806262231,
    "sim_clock": "2020-01-01 09:24:00"
  },
  {
    "value": 514.0508806262231,
    "sim_clock": "2020-01-01 09:24:30"
  },
  {
    "value": 514.0350877192982,
    "sim_clock": "2020-01-01 09:25:00"
  },
  {
    "value": 513.7717601547389,
    "sim_clock": "2020-01-01 09:25:30"
  },
  {
    "value": 514.4252873563219,
    "sim_clock": "2020-01-01 09:26:00"
  },
  {
    "value": 514.6768060836501,
    "sim_clock": "2020-01-01 09:26:30"
  },
  {
    "value": 514.624060150376,
    "sim_clock": "2020-01-01 09:27:00"
  },
  {
    "value": 513.7570093457944,
    "sim_clock": "2020-01-01 09:27:30"
  },
  {
    "value": 513.5195530726257,
    "sim_clock": "2020-01-01 09:28:00"
  },
  {
    "value": 513.2899628252788,
    "sim_clock": "2020-01-01 09:28:30"
  },
  {
    "value": 513.1433823529412,
    "sim_clock": "2020-01-01 09:29:00"
  },
  {
    "value": 513.5036496350365,
    "sim_clock": "2020-01-01 09:29:30"
  },
  {
    "value": 513.1578947368421,
    "sim_clock": "2020-01-01 09:30:00"
  },
  {
    "value": 512.9837251356239,
    "sim_clock": "2020-01-01 09:30:30"
  },
  {
    "value": 512.6391382405745,
    "sim_clock": "2020-01-01 09:31:00"
  },
  {
    "value": 512.5714285714286,
    "sim_clock": "2020-01-01 09:31:30"
  },
  {
    "value": 512.070796460177,
    "sim_clock": "2020-01-01 09:32:00"
  },
  {
    "value": 511.6901408450704,
    "sim_clock": "2020-01-01 09:32:30"
  },
  {
    "value": 511.36602451838877,
    "sim_clock": "2020-01-01 09:33:00"
  },
  {
    "value": 511.25435540069685,
    "sim_clock": "2020-01-01 09:33:30"
  },
  {
    "value": 511.2,
    "sim_clock": "2020-01-01 09:34:00"
  },
  {
    "value": 511.34251290877796,
    "sim_clock": "2020-01-01 09:34:30"
  },
  {
    "value": 511.34251290877796,
    "sim_clock": "2020-01-01 09:35:00"
  },
  {
    "value": 512.9794520547945,
    "sim_clock": "2020-01-01 09:35:30"
  },
  {
    "value": 513.0102040816327,
    "sim_clock": "2020-01-01 09:36:00"
  },
  {
    "value": 512.681281618887,
    "sim_clock": "2020-01-01 09:36:30"
  },
  {
    "value": 512.3,
    "sim_clock": "2020-01-01 09:37:00"
  },
  {
    "value": 513.2284768211921,
    "sim_clock": "2020-01-01 09:37:30"
  },
  {
    "value": 513.1527093596059,
    "sim_clock": "2020-01-01 09:38:00"
  },
  {
    "value": 512.9950900163666,
    "sim_clock": "2020-01-01 09:38:30"
  },
  {
    "value": 513.0882352941177,
    "sim_clock": "2020-01-01 09:39:00"
  },
  {
    "value": 513.3278955954323,
    "sim_clock": "2020-01-01 09:39:30"
  },
  {
    "value": 512.8155339805825,
    "sim_clock": "2020-01-01 09:40:00"
  },
  {
    "value": 512.8938906752412,
    "sim_clock": "2020-01-01 09:40:30"
  },
  {
    "value": 512.670906200318,
    "sim_clock": "2020-01-01 09:41:00"
  },
  {
    "value": 512.670906200318,
    "sim_clock": "2020-01-01 09:41:30"
  },
  {
    "value": 511.8512658227848,
    "sim_clock": "2020-01-01 09:42:00"
  },
  {
    "value": 511.8957345971564,
    "sim_clock": "2020-01-01 09:42:30"
  },
  {
    "value": 512.1193092621664,
    "sim_clock": "2020-01-01 09:43:00"
  },
  {
    "value": 511.3551401869159,
    "sim_clock": "2020-01-01 09:43:30"
  },
  {
    "value": 510.92879256965944,
    "sim_clock": "2020-01-01 09:44:00"
  },
  {
    "value": 510.50847457627117,
    "sim_clock": "2020-01-01 09:44:30"
  },
  {
    "value": 510.18461538461537,
    "sim_clock": "2020-01-01 09:45:00"
  },
  {
    "value": 508.4018264840183,
    "sim_clock": "2020-01-01 09:45:30"
  },
  {
    "value": 508.22727272727275,
    "sim_clock": "2020-01-01 09:46:00"
  },
  {
    "value": 507.56390977443607,
    "sim_clock": "2020-01-01 09:46:30"
  },
  {
    "value": 507.22801788375557,
    "sim_clock": "2020-01-01 09:47:00"
  },
  {
    "value": 506.7952522255193,
    "sim_clock": "2020-01-01 09:47:30"
  },
  {
    "value": 506.01181683899557,
    "sim_clock": "2020-01-01 09:48:00"
  },
  {
    "value": 505.7142857142857,
    "sim_clock": "2020-01-01 09:48:30"
  },
  {
    "value": 505.5263157894737,
    "sim_clock": "2020-01-01 09:49:00"
  },
  {
    "value": 505.2332361516035,
    "sim_clock": "2020-01-01 09:49:30"
  },
  {
    "value": 504.40751445086704,
    "sim_clock": "2020-01-01 09:50:00"
  },
  {
    "value": 503.9568345323741,
    "sim_clock": "2020-01-01 09:50:30"
  },
  {
    "value": 504.025787965616,
    "sim_clock": "2020-01-01 09:51:00"
  },
  {
    "value": 503.40941512125534,
    "sim_clock": "2020-01-01 09:51:30"
  },
  {
    "value": 503.0867709815078,
    "sim_clock": "2020-01-01 09:52:00"
  },
  {
    "value": 503.48936170212767,
    "sim_clock": "2020-01-01 09:52:30"
  },
  {
    "value": 502.9337094499295,
    "sim_clock": "2020-01-01 09:53:00"
  },
  {
    "value": 502.9535864978903,
    "sim_clock": "2020-01-01 09:53:30"
  },
  {
    "value": 502.9312762973352,
    "sim_clock": "2020-01-01 09:54:00"
  },
  {
    "value": 502.6890756302521,
    "sim_clock": "2020-01-01 09:54:30"
  },
  {
    "value": 502.5626740947075,
    "sim_clock": "2020-01-01 09:55:00"
  },
  {
    "value": 502.11404728789984,
    "sim_clock": "2020-01-01 09:55:30"
  },
  {
    "value": 502.0527045769764,
    "sim_clock": "2020-01-01 09:56:00"
  },
  {
    "value": 501.701244813278,
    "sim_clock": "2020-01-01 09:56:30"
  },
  {
    "value": 502.02479338842977,
    "sim_clock": "2020-01-01 09:57:00"
  },
  {
    "value": 501.5753424657534,
    "sim_clock": "2020-01-01 09:57:30"
  },
  {
    "value": 501.6279069767442,
    "sim_clock": "2020-01-01 09:58:00"
  },
  {
    "value": 502.16508795669824,
    "sim_clock": "2020-01-01 09:58:30"
  },
  {
    "value": 502.1668909825034,
    "sim_clock": "2020-01-01 09:59:00"
  },
  {
    "value": 500.7877169559413,
    "sim_clock": "2020-01-01 09:59:30"
  },
  {
    "value": 500.8521970705726,
    "sim_clock": "2020-01-01 10:00:00"
  },
  {
    "value": 500.9643328929987,
    "sim_clock": "2020-01-01 10:00:30"
  },
  {
    "value": 500.90909090909093,
    "sim_clock": "2020-01-01 10:01:00"
  },
  {
    "value": 500.9685863874345,
    "sim_clock": "2020-01-01 10:01:30"
  },
  {
    "value": 500.6666666666667,
    "sim_clock": "2020-01-01 10:02:00"
  },
  {
    "value": 500.481144343303,
    "sim_clock": "2020-01-01 10:02:30"
  },
  {
    "value": 500.4935064935065,
    "sim_clock": "2020-01-01 10:03:00"
  },
  {
    "value": 500.85603112840465,
    "sim_clock": "2020-01-01 10:03:30"
  },
  {
    "value": 500.608020698577,
    "sim_clock": "2020-01-01 10:04:00"
  },
  {
    "value": 500.99226804123714,
    "sim_clock": "2020-01-01 10:04:30"
  },
  {
    "value": 500.8076923076923,
    "sim_clock": "2020-01-01 10:05:00"
  },
  {
    "value": 500.2298850574713,
    "sim_clock": "2020-01-01 10:05:30"
  },
  {
    "value": 500.12706480304956,
    "sim_clock": "2020-01-01 10:06:00"
  },
  {
    "value": 499.80988593155894,
    "sim_clock": "2020-01-01 10:06:30"
  },
  {
    "value": 499.746835443038,
    "sim_clock": "2020-01-01 10:07:00"
  },
  {
    "value": 499.40731399747796,
    "sim_clock": "2020-01-01 10:07:30"
  },
  {
    "value": 499.17293233082705,
    "sim_clock": "2020-01-01 10:08:00"
  },
  {
    "value": 499.1044776119403,
    "sim_clock": "2020-01-01 10:08:30"
  },
  {
    "value": 499.0198511166253,
    "sim_clock": "2020-01-01 10:09:00"
  },
  {
    "value": 498.68974042027196,
    "sim_clock": "2020-01-01 10:09:30"
  },
  {
    "value": 498.1180811808118,
    "sim_clock": "2020-01-01 10:10:00"
  },
  {
    "value": 498.32313341493267,
    "sim_clock": "2020-01-01 10:10:30"
  },
  {
    "value": 498.17518248175185,
    "sim_clock": "2020-01-01 10:11:00"
  },
  {
    "value": 497.54237288135596,
    "sim_clock": "2020-01-01 10:11:30"
  },
  {
    "value": 496.9879518072289,
    "sim_clock": "2020-01-01 10:12:00"
  },
  {
    "value": 496.43884892086334,
    "sim_clock": "2020-01-01 10:12:30"
  },
  {
    "value": 496.0406698564593,
    "sim_clock": "2020-01-01 10:13:00"
  },
  {
    "value": 495.85714285714283,
    "sim_clock": "2020-01-01 10:13:30"
  },
  {
    "value": 495.5871886120996,
    "sim_clock": "2020-01-01 10:14:00"
  },
  {
    "value": 495.1061320754717,
    "sim_clock": "2020-01-01 10:14:30"
  },
  {
    "value": 495.3341148886284,
    "sim_clock": "2020-01-01 10:15:00"
  },
  {
    "value": 495.1578947368421,
    "sim_clock": "2020-01-01 10:15:30"
  },
  {
    "value": 494.40835266821347,
    "sim_clock": "2020-01-01 10:16:00"
  },
  {
    "value": 493.6836027713626,
    "sim_clock": "2020-01-01 10:16:30"
  },
  {
    "value": 493.463751438435,
    "sim_clock": "2020-01-01 10:17:00"
  },
  {
    "value": 493.10779816513764,
    "sim_clock": "2020-01-01 10:17:30"
  },
  {
    "value": 492.6514285714286,
    "sim_clock": "2020-01-01 10:18:00"
  },
  {
    "value": 492.6514285714286,
    "sim_clock": "2020-01-01 10:18:30"
  },
  {
    "value": 492.84738041002277,
    "sim_clock": "2020-01-01 10:19:00"
  },
  {
    "value": 492.5904977375566,
    "sim_clock": "2020-01-01 10:19:30"
  },
  {
    "value": 492.5479143179256,
    "sim_clock": "2020-01-01 10:20:00"
  },
  {
    "value": 492.08098987626545,
    "sim_clock": "2020-01-01 10:20:30"
  },
  {
    "value": 491.6237402015677,
    "sim_clock": "2020-01-01 10:21:00"
  },
  {
    "value": 491.23745819397993,
    "sim_clock": "2020-01-01 10:21:30"
  },
  {
    "value": 490.70953436807093,
    "sim_clock": "2020-01-01 10:22:00"
  },
  {
    "value": 490.4950495049505,
    "sim_clock": "2020-01-01 10:22:30"
  },
  {
    "value": 490.4950495049505,
    "sim_clock": "2020-01-01 10:23:00"
  },
  {
    "value": 490.5708013172338,
    "sim_clock": "2020-01-01 10:23:30"
  },
  {
    "value": 490.48034934497815,
    "sim_clock": "2020-01-01 10:24:00"
  },
  {
    "value": 489.94565217391306,
    "sim_clock": "2020-01-01 10:24:30"
  },
  {
    "value": 490.0433369447454,
    "sim_clock": "2020-01-01 10:25:00"
  },
  {
    "value": 490.06493506493507,
    "sim_clock": "2020-01-01 10:25:30"
  },
  {
    "value": 489.75161987041037,
    "sim_clock": "2020-01-01 10:26:00"
  },
  {
    "value": 489.6232508073197,
    "sim_clock": "2020-01-01 10:26:30"
  },
  {
    "value": 489.38709677419354,
    "sim_clock": "2020-01-01 10:27:00"
  },
  {
    "value": 489.63829787234044,
    "sim_clock": "2020-01-01 10:27:30"
  },
  {
    "value": 490.4334038054968,
    "sim_clock": "2020-01-01 10:28:00"
  },
  {
    "value": 490.0526870389884,
    "sim_clock": "2020-01-01 10:28:30"
  },
  {
    "value": 490.6512605042017,
    "sim_clock": "2020-01-01 10:29:00"
  },
  {
    "value": 490.50314465408803,
    "sim_clock": "2020-01-01 10:29:30"
  },
  {
    "value": 490.6269592476489,
    "sim_clock": "2020-01-01 10:30:00"
  },
  {
    "value": 490.55323590814197,
    "sim_clock": "2020-01-01 10:30:30"
  },
  {
    "value": 490.7612095933264,
    "sim_clock": "2020-01-01 10:31:00"
  },
  {
    "value": 490.85239085239084,
    "sim_clock": "2020-01-01 10:31:30"
  },
  {
    "value": 490.69214876033055,
    "sim_clock": "2020-01-01 10:32:00"
  },
  {
    "value": 490.9259259259259,
    "sim_clock": "2020-01-01 10:32:30"
  },
  {
    "value": 490.87268993839837,
    "sim_clock": "2020-01-01 10:33:00"
  },
  {
    "value": 491.00102145045963,
    "sim_clock": "2020-01-01 10:33:30"
  },
  {
    "value": 490.994923857868,
    "sim_clock": "2020-01-01 10:34:00"
  },
  {
    "value": 490.7077856420627,
    "sim_clock": "2020-01-01 10:34:30"
  },
  {
    "value": 490.7077856420627,
    "sim_clock": "2020-01-01 10:35:00"
  },
  {
    "value": 490.5241935483871,
    "sim_clock": "2020-01-01 10:35:30"
  },
  {
    "value": 490.0802407221665,
    "sim_clock": "2020-01-01 10:36:00"
  },
  {
    "value": 490.00999000999,
    "sim_clock": "2020-01-01 10:36:30"
  },
  {
    "value": 489.8404785643071,
    "sim_clock": "2020-01-01 10:37:00"
  },
  {
    "value": 489.94029850746267,
    "sim_clock": "2020-01-01 10:37:30"
  },
  {
    "value": 489.64285714285717,
    "sim_clock": "2020-01-01 10:38:00"
  },
  {
    "value": 489.5252225519288,
    "sim_clock": "2020-01-01 10:38:30"
  },
  {
    "value": 489.30830039525694,
    "sim_clock": "2020-01-01 10:39:00"
  },
  {
    "value": 489.4192913385827,
    "sim_clock": "2020-01-01 10:39:30"
  },
  {
    "value": 489.6270853778214,
    "sim_clock": "2020-01-01 10:40:00"
  },
  {
    "value": 489.68688845401175,
    "sim_clock": "2020-01-01 10:40:30"
  },
  {
    "value": 489.09620991253644,
    "sim_clock": "2020-01-01 10:41:00"
  },
  {
    "value": 488.48837209302326,
    "sim_clock": "2020-01-01 10:41:30"
  },
  {
    "value": 488.6583011583012,
    "sim_clock": "2020-01-01 10:42:00"
  },
  {
    "value": 488.1556195965418,
    "sim_clock": "2020-01-01 10:42:30"
  },
  {
    "value": 488.01724137931035,
    "sim_clock": "2020-01-01 10:43:00"
  },
  {
    "value": 488.01724137931035,
    "sim_clock": "2020-01-01 10:43:30"
  },
  {
    "value": 487.7650429799427,
    "sim_clock": "2020-01-01 10:44:00"
  },
  {
    "value": 487.22857142857146,
    "sim_clock": "2020-01-01 10:44:30"
  },
  {
    "value": 487.17267552182165,
    "sim_clock": "2020-01-01 10:45:00"
  },
  {
    "value": 487.10377358490564,
    "sim_clock": "2020-01-01 10:45:30"
  },
  {
    "value": 487.181903864279,
    "sim_clock": "2020-01-01 10:46:00"
  },
  {
    "value": 487.04887218045116,
    "sim_clock": "2020-01-01 10:46:30"
  },
  {
    "value": 487.0852858481724,
    "sim_clock": "2020-01-01 10:47:00"
  },
  {
    "value": 486.8411214953271,
    "sim_clock": "2020-01-01 10:47:30"
  },
  {
    "value": 487.0817843866171,
    "sim_clock": "2020-01-01 10:48:00"
  },
  {
    "value": 486.9786839666358,
    "sim_clock": "2020-01-01 10:48:30"
  },
  {
    "value": 486.62661737523104,
    "sim_clock": "2020-01-01 10:49:00"
  },
  {
    "value": 486.3636363636364,
    "sim_clock": "2020-01-01 10:49:30"
  },
  {
    "value": 486.0989010989011,
    "sim_clock": "2020-01-01 10:50:00"
  },
  {
    "value": 485.9945255474453,
    "sim_clock": "2020-01-01 10:50:30"
  },
  {
    "value": 485.49909255898365,
    "sim_clock": "2020-01-01 10:51:00"
  },
  {
    "value": 485.10869565217394,
    "sim_clock": "2020-01-01 10:51:30"
  },
  {
    "value": 484.98644986449864,
    "sim_clock": "2020-01-01 10:52:00"
  },
  {
    "value": 484.56345634563456,
    "sim_clock": "2020-01-01 10:52:30"
  },
  {
    "value": 484.56345634563456,
    "sim_clock": "2020-01-01 10:53:00"
  },
  {
    "value": 484.2741935483871,
    "sim_clock": "2020-01-01 10:53:30"
  },
  {
    "value": 484.12868632707773,
    "sim_clock": "2020-01-01 10:54:00"
  },
  {
    "value": 484.01069518716577,
    "sim_clock": "2020-01-01 10:54:30"
  },
  {
    "value": 483.46051464063885,
    "sim_clock": "2020-01-01 10:55:00"
  },
  {
    "value": 483.209549071618,
    "sim_clock": "2020-01-01 10:55:30"
  },
  {
    "value": 483.0396475770925,
    "sim_clock": "2020-01-01 10:56:00"
  },
  {
    "value": 482.90492957746477,
    "sim_clock": "2020-01-01 10:56:30"
  },
  {
    "value": 483.0553116769096,
    "sim_clock": "2020-01-01 10:57:00"
  },
  {
    "value": 482.94736842105266,
    "sim_clock": "2020-01-01 10:57:30"
  },
  {
    "value": 482.8083989501312,
    "sim_clock": "2020-01-01 10:58:00"
  },
  {
    "value": 482.35191637630663,
    "sim_clock": "2020-01-01 10:58:30"
  },
  {
    "value": 482.2395833333333,
    "sim_clock": "2020-01-01 10:59:00"
  },
  {
    "value": 482.20588235294116,
    "sim_clock": "2020-01-01 10:59:30"
  },
  {
    "value": 481.73425366695426,
    "sim_clock": "2020-01-01 11:00:00"
  },
  {
    "value": 482.039586919105,
    "sim_clock": "2020-01-01 11:00:30"
  },
  {
    "value": 482.15384615384613,
    "sim_clock": "2020-01-01 11:01:00"
  },
  {
    "value": 482.17206132879045,
    "sim_clock": "2020-01-01 11:01:30"
  },
  {
    "value": 481.7572156196944,
    "sim_clock": "2020-01-01 11:02:00"
  },
  {
    "value": 482.1101694915254,
    "sim_clock": "2020-01-01 11:02:30"
  },
  {
    "value": 481.97969543147207,
    "sim_clock": "2020-01-01 11:03:00"
  },
  {
    "value": 481.9983136593592,
    "sim_clock": "2020-01-01 11:03:30"
  },
  {
    "value": 481.8197135636057,
    "sim_clock": "2020-01-01 11:04:00"
  },
  {
    "value": 481.8939393939394,
    "sim_clock": "2020-01-01 11:04:30"
  },
  {
    "value": 481.7661900756939,
    "sim_clock": "2020-01-01 11:05:00"
  },
  {
    "value": 482.01173512154236,
    "sim_clock": "2020-01-01 11:05:30"
  },
  {
    "value": 481.7794486215539,
    "sim_clock": "2020-01-01 11:06:00"
  },
  {
    "value": 481.75,
    "sim_clock": "2020-01-01 11:06:30"
  },
  {
    "value": 481.6209476309227,
    "sim_clock": "2020-01-01 11:07:00"
  },
  {
    "value": 481.7398508699254,
    "sim_clock": "2020-01-01 11:07:30"
  },
  {
    "value": 481.53973509933775,
    "sim_clock": "2020-01-01 11:08:00"
  },
  {
    "value": 481.3388429752066,
    "sim_clock": "2020-01-01 11:08:30"
  },
  {
    "value": 481.0131795716639,
    "sim_clock": "2020-01-01 11:09:00"
  },
  {
    "value": 480.9868421052632,
    "sim_clock": "2020-01-01 11:09:30"
  },
  {
    "value": 481.00737100737103,
    "sim_clock": "2020-01-01 11:10:00"
  },
  {
    "value": 481.0032626427406,
    "sim_clock": "2020-01-01 11:10:30"
  },
  {
    "value": 480.8557457212714,
    "sim_clock": "2020-01-01 11:11:00"
  },
  {
    "value": 480.85296506904956,
    "sim_clock": "2020-01-01 11:11:30"
  },
  {
    "value": 480.5820533548909,
    "sim_clock": "2020-01-01 11:12:00"
  },
  {
    "value": 480.33898305084745,
    "sim_clock": "2020-01-01 11:12:30"
  },
  {
    "value": 480.53097345132744,
    "sim_clock": "2020-01-01 11:13:00"
  },
  {
    "value": 480.384,
    "sim_clock": "2020-01-01 11:13:30"
  },
  {
    "value": 480.0717703349282,
    "sim_clock": "2020-01-01 11:14:00"
  },
  {
    "value": 480.02379064234736,
    "sim_clock": "2020-01-01 11:14:30"
  },
  {
    "value": 480.18942383583266,
    "sim_clock": "2020-01-01 11:15:00"
  },
  {
    "value": 480.07097791798105,
    "sim_clock": "2020-01-01 11:15:30"
  },
  {
    "value": 479.552590266876,
    "sim_clock": "2020-01-01 11:16:00"
  },
  {
    "value": 479.4370602032838,
    "sim_clock": "2020-01-01 11:16:30"
  },
  {
    "value": 479.4370602032838,
    "sim_clock": "2020-01-01 11:17:00"
  },
  {
    "value": 479.39204988308654,
    "sim_clock": "2020-01-01 11:17:30"
  },
  {
    "value": 479.27682737169516,
    "sim_clock": "2020-01-01 11:18:00"
  },
  {
    "value": 479.3245341614907,
    "sim_clock": "2020-01-01 11:18:30"
  },
  {
    "value": 479.41905499612704,
    "sim_clock": "2020-01-01 11:19:00"
  },
  {
    "value": 479.35034802784224,
    "sim_clock": "2020-01-01 11:19:30"
  },
  {
    "value": 479.16795069337445,
    "sim_clock": "2020-01-01 11:20:00"
  },
  {
    "value": 479.1916859122402,
    "sim_clock": "2020-01-01 11:20:30"
  },
  {
    "value": 478.8735632183908,
    "sim_clock": "2020-01-01 11:21:00"
  },
  {
    "value": 478.87528691660293,
    "sim_clock": "2020-01-01 11:21:30"
  },
  {
    "value": 478.58339680121856,
    "sim_clock": "2020-01-01 11:22:00"
  },
  {
    "value": 478.4498480243161,
    "sim_clock": "2020-01-01 11:22:30"
  },
  {
    "value": 478.4977238239757,
    "sim_clock": "2020-01-01 11:23:00"
  },
  {
    "value": 478.52719033232626,
    "sim_clock": "2020-01-01 11:23:30"
  },
  {
    "value": 478.34841628959276,
    "sim_clock": "2020-01-01 11:24:00"
  },
  {
    "value": 478.28183873398643,
    "sim_clock": "2020-01-01 11:24:30"
  },
  {
    "value": 477.7961019490255,
    "sim_clock": "2020-01-01 11:25:00"
  },
  {
    "value": 477.9820627802691,
    "sim_clock": "2020-01-01 11:25:30"
  },
  {
    "value": 477.71982116244413,
    "sim_clock": "2020-01-01 11:26:00"
  },
  {
    "value": 477.76785714285717,
    "sim_clock": "2020-01-01 11:26:30"
  },
  {
    "value": 477.592867756315,
    "sim_clock": "2020-01-01 11:27:00"
  },
  {
    "value": 477.8888888888889,
    "sim_clock": "2020-01-01 11:27:30"
  },
  {
    "value": 478.2509225092251,
    "sim_clock": "2020-01-01 11:28:00"
  },
  {
    "value": 478.2756079587325,
    "sim_clock": "2020-01-01 11:28:30"
  },
  {
    "value": 478.2819383259912,
    "sim_clock": "2020-01-01 11:29:00"
  },
  {
    "value": 478.0879120879121,
    "sim_clock": "2020-01-01 11:29:30"
  },
  {
    "value": 478.00292611558154,
    "sim_clock": "2020-01-01 11:30:00"
  },
  {
    "value": 478.05109489051097,
    "sim_clock": "2020-01-01 11:30:30"
  },
  {
    "value": 478.18513119533526,
    "sim_clock": "2020-01-01 11:31:00"
  },
  {
    "value": 478.1031976744186,
    "sim_clock": "2020-01-01 11:31:30"
  },
  {
    "value": 477.9160636758321,
    "sim_clock": "2020-01-01 11:32:00"
  },
  {
    "value": 477.94075144508673,
    "sim_clock": "2020-01-01 11:32:30"
  },
  {
    "value": 478.09661139149244,
    "sim_clock": "2020-01-01 11:33:00"
  },
  {
    "value": 478.1425485961123,
    "sim_clock": "2020-01-01 11:33:30"
  },
  {
    "value": 478.3632447954056,
    "sim_clock": "2020-01-01 11:34:00"
  },
  {
    "value": 478.4074605451937,
    "sim_clock": "2020-01-01 11:34:30"
  },
  {
    "value": 477.8174037089872,
    "sim_clock": "2020-01-01 11:35:00"
  },
  {
    "value": 477.33475479744135,
    "sim_clock": "2020-01-01 11:35:30"
  },
  {
    "value": 477.3792613636364,
    "sim_clock": "2020-01-01 11:36:00"
  },
  {
    "value": 477.3385379701916,
    "sim_clock": "2020-01-01 11:36:30"
  },
  {
    "value": 477.66454352441616,
    "sim_clock": "2020-01-01 11:37:00"
  },
  {
    "value": 477.5,
    "sim_clock": "2020-01-01 11:37:30"
  },
  {
    "value": 477.07162921348316,
    "sim_clock": "2020-01-01 11:38:00"
  },
  {
    "value": 477.2,
    "sim_clock": "2020-01-01 11:38:30"
  },
  {
    "value": 477.2,
    "sim_clock": "2020-01-01 11:39:00"
  },
  {
    "value": 477.10084033613447,
    "sim_clock": "2020-01-01 11:39:30"
  },
  {
    "value": 476.9392033542977,
    "sim_clock": "2020-01-01 11:40:00"
  },
  {
    "value": 476.82229965156796,
    "sim_clock": "2020-01-01 11:40:30"
  },
  {
    "value": 476.68058455114823,
    "sim_clock": "2020-01-01 11:41:00"
  },
  {
    "value": 477.0645385149202,
    "sim_clock": "2020-01-01 11:41:30"
  },
  {
    "value": 476.94809688581313,
    "sim_clock": "2020-01-01 11:42:00"
  },
  {
    "value": 476.8693849343469,
    "sim_clock": "2020-01-01 11:42:30"
  },
  {
    "value": 476.7103448275862,
    "sim_clock": "2020-01-01 11:43:00"
  },
  {
    "value": 476.87801516195725,
    "sim_clock": "2020-01-01 11:43:30"
  },
  {
    "value": 476.8203716448727,
    "sim_clock": "2020-01-01 11:44:00"
  },
  {
    "value": 477.26525017135026,
    "sim_clock": "2020-01-01 11:44:30"
  },
  {
    "value": 477.0821917808219,
    "sim_clock": "2020-01-01 11:45:00"
  },
  {
    "value": 477.33969986357437,
    "sim_clock": "2020-01-01 11:45:30"
  },
  {
    "value": 476.9918699186992,
    "sim_clock": "2020-01-01 11:46:00"
  },
  {
    "value": 477.0365358592693,
    "sim_clock": "2020-01-01 11:46:30"
  },
  {
    "value": 476.80808080808083,
    "sim_clock": "2020-01-01 11:47:00"
  },
  {
    "value": 476.875,
    "sim_clock": "2020-01-01 11:47:30"
  },
  {
    "value": 476.91739422431164,
    "sim_clock": "2020-01-01 11:48:00"
  },
  {
    "value": 476.9215291750503,
    "sim_clock": "2020-01-01 11:48:30"
  },
  {
    "value": 477.05016722408027,
    "sim_clock": "2020-01-01 11:49:00"
  },
  {
    "value": 476.813627254509,
    "sim_clock": "2020-01-01 11:49:30"
  },
  {
    "value": 476.72872340425533,
    "sim_clock": "2020-01-01 11:50:00"
  },
  {
    "value": 476.57597876575977,
    "sim_clock": "2020-01-01 11:50:30"
  },
  {
    "value": 476.6843150231635,
    "sim_clock": "2020-01-01 11:51:00"
  },
  {
    "value": 476.4379947229551,
    "sim_clock": "2020-01-01 11:51:30"
  },
  {
    "value": 476.4379947229551,
    "sim_clock": "2020-01-01 11:52:00"
  },
  {
    "value": 476.2721893491124,
    "sim_clock": "2020-01-01 11:52:30"
  },
  {
    "value": 476.2721893491124,
    "sim_clock": "2020-01-01 11:53:00"
  },
  {
    "value": 476.37557452396584,
    "sim_clock": "2020-01-01 11:53:30"
  },
  {
    "value": 476.10747051114026,
    "sim_clock": "2020-01-01 11:54:00"
  },
  {
    "value": 476.13472858077176,
    "sim_clock": "2020-01-01 11:54:30"
  },
  {
    "value": 476.0222077073808,
    "sim_clock": "2020-01-01 11:55:00"
  },
  {
    "value": 476.18892508143324,
    "sim_clock": "2020-01-01 11:55:30"
  },
  {
    "value": 476.18892508143324,
    "sim_clock": "2020-01-01 11:56:00"
  },
  {
    "value": 476.47173489278754,
    "sim_clock": "2020-01-01 11:56:30"
  },
  {
    "value": 476.36186770428014,
    "sim_clock": "2020-01-01 11:57:00"
  },
  {
    "value": 476.252427184466,
    "sim_clock": "2020-01-01 11:57:30"
  },
  {
    "value": 476.1966364812419,
    "sim_clock": "2020-01-01 11:58:00"
  },
  {
    "value": 476.5183752417795,
    "sim_clock": "2020-01-01 11:58:30"
  },
  {
    "value": 476.61726804123714,
    "sim_clock": "2020-01-01 11:59:00"
  },
  {
    "value": 476.61726804123714,
    "sim_clock": "2020-01-01 11:59:30"
  }
]