[
  {
    "value": 0.0,
    "sim_clock": "2020-01-01 08:00:00"
  },
  {
    "value": 0.0,
    "sim_clock": "2020-01-01 08:00:30"
  },
  {
    "value": 0.0,
    "sim_clock": "2020-01-01 08:01:00"
  },
  {
    "value": 0.0,
    "sim_clock": "2020-01-01 08:01:30"
  },
  {
    "value": 0.0,
    "sim_clock": "2020-01-01 08:02:00"
  },
  {
    "value": 0.0,
    "sim_clock": "2020-01-01 08:02:30"
  },
  {
    "value": 0.0,
    "sim_clock": "2020-01-01 08:03:00"
  },
  {
    "value": 0.0,
    "sim_clock": "2020-01-01 08:03:30"
  },
  {
    "value": 0.0,
    "sim_clock": "2020-01-01 08:04:00"
  },
  {
    "value": 0.0,
    "sim_clock": "2020-01-01 08:04:30"
  },
  {
    "value": 0.0,
    "sim_clock": "2020-01-01 08:05:00"
  },
  {
    "value": 0.0,
    "sim_clock": "2020-01-01 08:05:30"
  },
  {
    "value": 0.0,
    "sim_clock": "2020-01-01 08:06:00"
  },
  {
    "value": 0.0,
    "sim_clock": "2020-01-01 08:06:30"
  },
  {
    "value": 0.0,
    "sim_clock": "2020-01-01 08:07:00"
  },
  {
    "value": 0.0,
    "sim_clock": "2020-01-01 08:07:30"
  },
  {
    "value": 0.0,
    "sim_clock": "2020-01-01 08:08:00"
  },
  {
    "value": 0.0,
    "sim_clock": "2020-01-01 08:08:30"
  },
  {
    "value": 0.0,
    "sim_clock": "2020-01-01 08:09:00"
  },
  {
    "value": 0.0,
    "sim_clock": "2020-01-01 08:09:30"
  },
  {
    "value": 0.0,
    "sim_clock": "2020-01-01 08:10:00"
  },
  {
    "value": 0.0,
    "sim_clock": "2020-01-01 08:10:30"
  },
  {
    "value": 0.0,
    "sim_clock": "2020-01-01 08:11:00"
  },
  {
    "value": 0.0,
    "sim_clock": "2020-01-01 08:11:30"
  },
  {
    "value": 0.0,
    "sim_clock": "2020-01-01 08:12:00"
  },
  {
    "value": 0.0,
    "sim_clock": "2020-01-01 08:12:30"
  },
  {
    "value": 0.0,
    "sim_clock": "2020-01-01 08:13:00"
  },
  {
    "value": 0.0,
    "sim_clock": "2020-01-01 08:13:30"
  },
  {
    "value": 0.0,
    "sim_clock": "2020-01-01 08:14:00"
  },
  {
    "value": 0.0,
    "sim_clock": "2020-01-01 08:14:30"
  },
  {
    "value": 0.0,
    "sim_clock": "2020-01-01 08:15:00"
  },
  {
    "value": 0.0,
    "sim_clock": "2020-01-01 08:15:30"
  },
  {
    "value": 0.0,
    "sim_clock": "2020-01-01 08:16:00"
  },
  {
    "value": 0.0,
    "sim_clock": "2020-01-01 08:16:30"
  },
  {
    "value": 0.0,
    "sim_clock": "2020-01-01 08:17:00"
  },
  {
    "value": 0.0,
    "sim_clock": "2020-01-01 08:17:30"
  },
  {
    "value": 0.0,
    "sim_clock": "2020-01-01 08:18:00"
  },
  {
    "value": 0.0,
    "sim_clock": "2020-01-01 08:18:30"
  },
  {
    "value": 0.0,
    "sim_clock": "2020-01-01 08:19:00"
  },
  {
    "value": 0.0,
    "sim_clock": "2020-01-01 08:19:30"
  },
  {
    "value": 0.0,
    "sim_clock": "2020-01-01 08:20:00"
  },
  {
    "value": 0.0,
    "sim_clock": "2020-01-01 08:20:30"
  },
  {
    "value": 0.0,
    "sim_clock": "2020-01-01 08:21:00"
  },
  {
    "value": 0.0,
    "sim_clock": "2020-01-01 08:21:30"
  },
  {
    "value": 0.0,
    "sim_clock": "2020-01-01 08:22:00"
  },
  {
    "value": 0.0,
    "sim_clock": "2020-01-01 08:22:30"
  },
  {
    "value": 0.0,
    "sim_clock": "2020-01-01 08:23:00"
  },
  {
    "value": 0.0,
    "sim_clock": "2020-01-01 08:23:30"
  },
  {
    "value": 0.0,
    "sim_clock": "2020-01-01 08:24:00"
  },
  {
    "value": 1.0,
    "sim_clock": "2020-01-01 08:24:30"
  },
  {
    "value": 1.0,
    "sim_clock": "2020-01-01 08:25:00"
  },
  {
    "value": 1.0,
    "sim_clock": "2020-01-01 08:25:30"
  },
  {
    "value": 1.0,
    "sim_clock": "2020-01-01 08:26:00"
  },
  {
    "value": 1.0,
    "sim_clock": "2020-01-01 08:26:30"
  },
  {
    "value": 1.0,
    "sim_clock": "2020-01-01 08:27:00"
  },
  {
    "value": 1.0,
    "sim_clock": "2020-01-01 08:27:30"
  },
  {
    "value": 1.0,
    "sim_clock": "2020-01-01 08:28:00"
  },
  {
    "value": 1.0,
    "sim_clock": "2020-01-01 08:28:30"
  },
  {
    "value": 1.0,
    "sim_clock": "2020-01-01 08:29:00"
  },
  {
    "value": 1.0,
    "sim_clock": "2020-01-01 08:29:30"
  },
  {
    "value": 1.0,
    "sim_clock": "2020-01-01 08:30:00"
  },
  {
    "value": 1.0,
    "sim_clock": "2020-01-01 08:30:30"
  },
  {
    "value": 1.0,
    "sim_clock": "2020-01-01 08:31:00"
  },
  {
    "value": 1.0,
    "sim_clock": "2020-01-01 08:31:30"
  },
  {
    "value": 1.0,
    "sim_clock": "2020-01-01 08:32:00"
  },
  {
    "value": 1.0,
    "sim_clock": "2020-01-01 08:32:30"
  },
  {
    "value": 1.0,
    "sim_clock": "2020-01-01 08:33:00"
  },
  {
    "value": 1.0,
    "sim_clock": "2020-01-01 08:33:30"
  },
  {
    "value": 1.0,
    "sim_clock": "2020-01-01 08:34:00"
  },
  {
    "value": 1.0,
    "sim_clock": "2020-01-01 08:34:30"
  },
  {
    "value": 5.0,
    "sim_clock": "2020-01-01 08:35:00"
  },
  {
    "value": 5.0,
    "sim_clock": "2020-01-01 08:35:30"
  },
  {
    "value": 5.0,
    "sim_clock": "2020-01-01 08:36:00"
  },
  {
    "value": 5.0,
    "sim_clock": "2020-01-01 08:36:30"
  },
  {
    "value": 6.0,
    "sim_clock": "2020-01-01 08:37:00"
  },
  {
    "value": 6.0,
    "sim_clock": "2020-01-01 08:37:30"
  },
  {
    "value": 8.0,
    "sim_clock": "2020-01-01 08:38:00"
  },
  {
    "value": 8.0,
    "sim_clock": "2020-01-01 08:38:30"
  },
  {
    "value": 9.0,
    "sim_clock": "2020-01-01 08:39:00"
  },
  {
    "value": 10.0,
    "sim_clock": "2020-01-01 08:39:30"
  },
  {
    "value": 11.0,
    "sim_clock": "2020-01-01 08:40:00"
  },
  {
    "value": 14.0,
    "sim_clock": "2020-01-01 08:40:30"
  },
  {
    "value": 15.0,
    "sim_clock": "2020-01-01 08:41:00"
  },
  {
    "value": 15.0,
    "sim_clock": "2020-01-01 08:41:30"
  },
  {
    "value": 16.0,
    "sim_clock": "2020-01-01 08:42:00"
  },
  {
    "value": 19.0,
    "sim_clock": "2020-01-01 08:42:30"
  },
  {
    "value": 21.0,
    "sim_clock": "2020-01-01 08:43:00"
  },
  {
    "value": 22.0,
    "sim_clock": "2020-01-01 08:43:30"
  },
  {
    "value": 22.0,
    "sim_clock": "2020-01-01 08:44:00"
  },
  {
    "value": 25.0,
    "sim_clock": "2020-01-01 08:44:30"
  },
  {
    "value": 28.0,
    "sim_clock": "2020-01-01 08:45:00"
  },
  {
    "value": 31.0,
    "sim_clock": "2020-01-01 08:45:30"
  },
  {
    "value": 31.0,
    "sim_clock": "2020-01-01 08:46:00"
  },
  {
    "value": 33.0,
    "sim_clock": "2020-01-01 08:46:30"
  },
  {
    "value": 34.0,
    "sim_clock": "2020-01-01 08:47:00"
  },
  {
    "value": 35.0,
    "sim_clock": "2020-01-01 08:47:30"
  },
  {
    "value": 35.0,
    "sim_clock": "2020-01-01 08:48:00"
  },
  {
    "value": 36.0,
    "sim_clock": "2020-01-01 08:48:30"
  },
  {
    "value": 37.0,
    "sim_clock": "2020-01-01 08:49:00"
  },
  {
    "value": 37.0,
    "sim_clock": "2020-01-01 08:49:30"
  },
  {
    "value": 38.0,
    "sim_clock": "2020-01-01 08:50:00"
  },
  {
    "value": 38.0,
    "sim_clock": "2020-01-01 08:50:30"
  },
  {
    "value": 38.0,
    "sim_clock": "2020-01-01 08:51:00"
  },
  {
    "value": 38.0,
    "sim_clock": "2020-01-01 08:51:30"
  },
  {
    "value": 38.0,
    "sim_clock": "2020-01-01 08:52:00"
  },
  {
    "value": 38.0,
    "sim_clock": "2020-01-01 08:52:30"
  },
  {
    "value": 38.0,
    "sim_clock": "2020-01-01 08:53:00"
  },
  {
    "value": 40.0,
    "sim_clock": "2020-01-01 08:53:30"
  },
  {
    "value": 40.0,
    "sim_clock": "2020-01-01 08:54:00"
  },
  {
    "value": 40.0,
    "sim_clock": "2020-01-01 08:54:30"
  },
  {
    "value": 41.0,
    "sim_clock": "2020-01-01 08:55:00"
  },
  {
    "value": 41.0,
    "sim_clock": "2020-01-01 08:55:30"
  },
  {
    "value": 41.0,
    "sim_clock": "2020-01-01 08:56:00"
  },
  {
    "value": 44.0,
    "sim_clock": "2020-01-01 08:56:30"
  },
  {
    "value": 44.0,
    "sim_clock": "2020-01-01 08:57:00"
  },
  {
    "value": 44.0,
    "sim_clock": "2020-01-01 08:57:30"
  },
  {
    "value": 44.0,
    "sim_clock": "2020-01-01 08:58:00"
  },
  {
    "value": 44.0,
    "sim_clock": "2020-01-01 08:58:30"
  },
  {
    "value": 45.0,
    "sim_clock": "2020-01-01 08:59:00"
  },
  {
    "value": 47.0,
    "sim_clock": "2020-01-01 08:59:30"
  },
  {
    "value": 47.0,
    "sim_clock": "2020-01-01 09:00:00"
  },
  {
    "value": 47.0,
    "sim_clock": "2020-01-01 09:00:30"
  },
  {
    "value": 47.0,
    "sim_clock": "2020-01-01 09:01:00"
  },
  {
    "value": 47.0,
    "sim_clock": "2020-01-01 09:01:30"
  },
  {
    "value": 48.0,
    "sim_clock": "2020-01-01 09:02:00"
  },
  {
    "value": 51.0,
    "sim_clock": "2020-01-01 09:02:30"
  },
  {
    "value": 51.0,
    "sim_clock": "2020-01-01 09:03:00"
  },
  {
    "value": 51.0,
    "sim_clock": "2020-01-01 09:03:30"
  },
  {
    "value": 52.0,
    "sim_clock": "2020-01-01 09:04:00"
  },
  {
    "value": 52.0,
    "sim_clock": "2020-01-01 09:04:30"
  },
  {
    "value": 53.0,
    "sim_clock": "2020-01-01 09:05:00"
  },
  {
    "value": 55.0,
    "sim_clock": "2020-01-01 09:05:30"
  },
  {
    "value": 57.0,
    "sim_clock": "2020-01-01 09:06:00"
  },
  {
    "value": 57.0,
    "sim_clock": "2020-01-01 09:06:30"
  },
  {
    "value": 60.0,
    "sim_clock": "2020-01-01 09:07:00"
  },
  {
    "value": 61.0,
    "sim_clock": "2020-01-01 09:07:30"
  },
  {
    "value": 61.0,
    "sim_clock": "2020-01-01 09:08:00"
  },
  {
    "value": 61.0,
    "sim_clock": "2020-01-01 09:08:30"
  },
  {
    "value": 62.0,
    "sim_clock": "2020-01-01 09:09:00"
  },
  {
    "value": 62.0,
    "sim_clock": "2020-01-01 09:09:30"
  },
  {
    "value": 62.0,
    "sim_clock": "2020-01-01 09:10:00"
  },
  {
    "value": 62.0,
    "sim_clock": "2020-01-01 09:10:30"
  },
  {
    "value": 62.0,
    "sim_clock": "2020-01-01 09:11:00"
  },
  {
    "value": 63.0,
    "sim_clock": "2020-01-01 09:11:30"
  },
  {
    "value": 63.0,
    "sim_clock": "2020-01-01 09:12:00"
  },
  {
    "value": 64.0,
    "sim_clock": "2020-01-01 09:12:30"
  },
  {
    "value": 65.0,
    "sim_clock": "2020-01-01 09:13:00"
  },
  {
    "value": 65.0,
    "sim_clock": "2020-01-01 09:13:30"
  },
  {
    "value": 65.0,
    "sim_clock": "2020-01-01 09:14:00"
  },
  {
    "value": 65.0,
    "sim_clock": "2020-01-01 09:14:30"
  },
  {
    "value": 65.0,
    "sim_clock": "2020-01-01 09:15:00"
  },
  {
    "value": 65.0,
    "sim_clock": "2020-01-01 09:15:30"
  },
  {
    "value": 65.0,
    "sim_clock": "2020-01-01 09:16:00"
  },
  {
    "value": 65.0,
    "sim_clock": "2020-01-01 09:16:30"
  },
  {
    "value": 65.0,
    "sim_clock": "2020-01-01 09:17:00"
  },
  {
    "value": 65.0,
    "sim_clock": "2020-01-01 09:17:30"
  },
  {
    "value": 65.0,
    "sim_clock": "2020-01-01 09:18:00"
  },
  {
    "value": 65.0,
    "sim_clock": "2020-01-01 09:18:30"
  },
  {
    "value": 65.0,
    "sim_clock": "2020-01-01 09:19:00"
  },
  {
    "value": 65.0,
    "sim_clock": "2020-01-01 09:19:30"
  },
  {
    "value": 65.0,
    "sim_clock": "2020-01-01 09:20:00"
  },
  {
    "value": 65.0,
    "sim_clock": "2020-01-01 09:20:30"
  },
  {
    "value": 66.0,
    "sim_clock": "2020-01-01 09:21:00"
  },
  {
    "value": 68.0,
    "sim_clock": "2020-01-01 09:21:30"
  },
  {
    "value": 68.0,
    "sim_clock": "2020-01-01 09:22:00"
  },
  {
    "value": 69.0,
    "sim_clock": "2020-01-01 09:22:30"
  },
  {
    "value": 69.0,
    "sim_clock": "2020-01-01 09:23:00"
  },
  {
    "value": 69.0,
    "sim_clock": "2020-01-01 09:23:30"
  },
  {
    "value": 69.0,
    "sim_clock": "2020-01-01 09:24:00"
  },
  {
    "value": 70.0,
    "sim_clock": "2020-01-01 09:24:30"
  },
  {
    "value": 71.0,
    "sim_clock": "2020-01-01 09:25:00"
  },
  {
    "value": 72.0,
    "sim_clock": "2020-01-01 09:25:30"
  },
  {
    "value": 72.0,
    "sim_clock": "2020-01-01 09:26:00"
  },
  {
    "value": 72.0,
    "sim_clock": "2020-01-01 09:26:30"
  },
  {
    "value": 72.0,
    "sim_clock": "2020-01-01 09:27:00"
  },
  {
    "value": 72.0,
    "sim_clock": "2020-01-01 09:27:30"
  },
  {
    "value": 73.0,
    "sim_clock": "2020-01-01 09:28:00"
  },
  {
    "value": 73.0,
    "sim_clock": "2020-01-01 09:28:30"
  },
  {
    "value": 74.0,
    "sim_clock": "2020-01-01 09:29:00"
  },
  {
    "value": 74.0,
    "sim_clock": "2020-01-01 09:29:30"
  },
  {
    "value": 74.0,
    "sim_clock": "2020-01-01 09:30:00"
  },
  {
    "value": 75.0,
    "sim_clock": "2020-01-01 09:30:30"
  },
  {
    "value": 75.0,
    "sim_clock": "2020-01-01 09:31:00"
  },
  {
    "value": 75.0,
    "sim_clock": "2020-01-01 09:31:30"
  },
  {
    "value": 75.0,
    "sim_clock": "2020-01-01 09:32:00"
  },
  {
    "value": 75.0,
    "sim_clock": "2020-01-01 09:32:30"
  },
  {
    "value": 75.0,
    "sim_clock": "2020-01-01 09:33:00"
  },
  {
    "value": 75.0,
    "sim_clock": "2020-01-01 09:33:30"
  },
  {
    "value": 76.0,
    "sim_clock": "2020-01-01 09:34:00"
  },
  {
    "value": 76.0,
    "sim_clock": "2020-01-01 09:34:30"
  },
  {
    "value": 76.0,
    "sim_clock": "2020-01-01 09:35:00"
  },
  {
    "value": 77.0,
    "sim_clock": "2020-01-01 09:35:30"
  },
  {
    "value": 77.0,
    "sim_clock": "2020-01-01 09:36:00"
  },
  {
    "value": 80.0,
    "sim_clock": "2020-01-01 09:36:30"
  },
  {
    "value": 80.0,
    "sim_clock": "2020-01-01 09:37:00"
  },
  {
    "value": 81.0,
    "sim_clock": "2020-01-01 09:37:30"
  },
  {
    "value": 82.0,
    "sim_clock": "2020-01-01 09:38:00"
  },
  {
    "value": 82.0,
    "sim_clock": "2020-01-01 09:38:30"
  },
  {
    "value": 85.0,
    "sim_clock": "2020-01-01 09:39:00"
  },
  {
    "value": 86.0,
    "sim_clock": "2020-01-01 09:39:30"
  },
  {
    "value": 86.0,
    "sim_clock": "2020-01-01 09:40:00"
  },
  {
    "value": 88.0,
    "sim_clock": "2020-01-01 09:40:30"
  },
  {
    "value": 89.0,
    "sim_clock": "2020-01-01 09:41:00"
  },
  {
    "value": 90.0,
    "sim_clock": "2020-01-01 09:41:30"
  },
  {
    "value": 91.0,
    "sim_clock": "2020-01-01 09:42:00"
  },
  {
    "value": 91.0,
    "sim_clock": "2020-01-01 09:42:30"
  },
  {
    "value": 92.0,
    "sim_clock": "2020-01-01 09:43:00"
  },
  {
    "value": 93.0,
    "sim_clock": "2020-01-01 09:43:30"
  },
  {
    "value": 95.0,
    "sim_clock": "2020-01-01 09:44:00"
  },
  {
    "value": 98.0,
    "sim_clock": "2020-01-01 09:44:30"
  },
  {
    "value": 98.0,
    "sim_clock": "2020-01-01 09:45:00"
  },
  {
    "value": 99.0,
    "sim_clock": "2020-01-01 09:45:30"
  },
  {
    "value": 100.0,
    "sim_clock": "2020-01-01 09:46:00"
  },
  {
    "value": 100.0,
    "sim_clock": "2020-01-01 09:46:30"
  },
  {
    "value": 101.0,
    "sim_clock": "2020-01-01 09:47:00"
  },
  {
    "value": 103.0,
    "sim_clock": "2020-01-01 09:47:30"
  },
  {
    "value": 105.0,
    "sim_clock": "2020-01-01 09:48:00"
  },
  {
    "value": 106.0,
    "sim_clock": "2020-01-01 09:48:30"
  },
  {
    "value": 107.0,
    "sim_clock": "2020-01-01 09:49:00"
  },
  {
    "value": 108.0,
    "sim_clock": "2020-01-01 09:49:30"
  },
  {
    "value": 109.0,
    "sim_clock": "2020-01-01 09:50:00"
  },
  {
    "value": 109.0,
    "sim_clock": "2020-01-01 09:50:30"
  },
  {
    "value": 110.0,
    "sim_clock": "2020-01-01 09:51:00"
  },
  {
    "value": 111.0,
    "sim_clock": "2020-01-01 09:51:30"
  },
  {
    "value": 111.0,
    "sim_clock": "2020-01-01 09:52:00"
  },
  {
    "value": 113.0,
    "sim_clock": "2020-01-01 09:52:30"
  },
  {
    "value": 114.0,
    "sim_clock": "2020-01-01 09:53:00"
  },
  {
    "value": 115.0,
    "sim_clock": "2020-01-01 09:53:30"
  },
  {
    "value": 116.0,
    "sim_clock": "2020-01-01 09:54:00"
  },
  {
    "value": 117.0,
    "sim_clock": "2020-01-01 09:54:30"
  },
  {
    "value": 117.0,
    "sim_clock": "2020-01-01 09:55:00"
  },
  {
    "value": 118.0,
    "sim_clock": "2020-01-01 09:55:30"
  },
  {
    "value": 121.0,
    "sim_clock": "2020-01-01 09:56:00"
  },
  {
    "value": 121.0,
    "sim_clock": "2020-01-01 09:56:30"
  },
  {
    "value": 122.0,
    "sim_clock": "2020-01-01 09:57:00"
  },
  {
    "value": 125.0,
    "sim_clock": "2020-01-01 09:57:30"
  },
  {
    "value": 127.0,
    "sim_clock": "2020-01-01 09:58:00"
  },
  {
    "value": 128.0,
    "sim_clock": "2020-01-01 09:58:30"
  },
  {
    "value": 131.0,
    "sim_clock": "2020-01-01 09:59:00"
  },
  {
    "value": 133.0,
    "sim_clock": "2020-01-01 09:59:30"
  },
  {
    "value": 133.0,
    "sim_clock": "2020-01-01 10:00:00"
  },
  {
    "value": 135.0,
    "sim_clock": "2020-01-01 10:00:30"
  },
  {
    "value": 136.0,
    "sim_clock": "2020-01-01 10:01:00"
  },
  {
    "value": 138.0,
    "sim_clock": "2020-01-01 10:01:30"
  },
  {
    "value": 138.0,
    "sim_clock": "2020-01-01 10:02:00"
  },
  {
    "value": 139.0,
    "sim_clock": "2020-01-01 10:02:30"
  },
  {
    "value": 139.0,
    "sim_clock": "2020-01-01 10:03:00"
  },
  {
    "value": 142.0,
    "sim_clock": "2020-01-01 10:03:30"
  },
  {
    "value": 144.0,
    "sim_clock": "2020-01-01 10:04:00"
  },
  {
    "value": 145.0,
    "sim_clock": "2020-01-01 10:04:30"
  },
  {
    "value": 147.0,
    "sim_clock": "2020-01-01 10:05:00"
  },
  {
    "value": 148.0,
    "sim_clock": "2020-01-01 10:05:30"
  },
  {
    "value": 149.0,
    "sim_clock": "2020-01-01 10:06:00"
  },
  {
    "value": 150.0,
    "sim_clock": "2020-01-01 10:06:30"
  },
  {
    "value": 150.0,
    "sim_clock": "2020-01-01 10:07:00"
  },
  {
    "value": 151.0,
    "sim_clock": "2020-01-01 10:07:30"
  },
  {
    "value": 151.0,
    "sim_clock": "2020-01-01 10:08:00"
  },
  {
    "value": 152.0,
    "sim_clock": "2020-01-01 10:08:30"
  },
  {
    "value": 153.0,
    "sim_clock": "2020-01-01 10:09:00"
  },
  {
    "value": 157.0,
    "sim_clock": "2020-01-01 10:09:30"
  },
  {
    "value": 157.0,
    "sim_clock": "2020-01-01 10:10:00"
  },
  {
    "value": 157.0,
    "sim_clock": "2020-01-01 10:10:30"
  },
  {
    "value": 157.0,
    "sim_clock": "2020-01-01 10:11:00"
  },
  {
    "value": 157.0,
    "sim_clock": "2020-01-01 10:11:30"
  },
  {
    "value": 159.0,
    "sim_clock": "2020-01-01 10:12:00"
  },
  {
    "value": 159.0,
    "sim_clock": "2020-01-01 10:12:30"
  },
  {
    "value": 160.0,
    "sim_clock": "2020-01-01 10:13:00"
  },
  {
    "value": 161.0,
    "sim_clock": "2020-01-01 10:13:30"
  },
  {
    "value": 162.0,
    "sim_clock": "2020-01-01 10:14:00"
  },
  {
    "value": 163.0,
    "sim_clock": "2020-01-01 10:14:30"
  },
  {
    "value": 165.0,
    "sim_clock": "2020-01-01 10:15:00"
  },
  {
    "value": 166.0,
    "sim_clock": "2020-01-01 10:15:30"
  },
  {
    "value": 167.0,
    "sim_clock": "2020-01-01 10:16:00"
  },
  {
    "value": 167.0,
    "sim_clock": "2020-01-01 10:16:30"
  },
  {
    "value": 168.0,
    "sim_clock": "2020-01-01 10:17:00"
  },
  {
    "value": 170.0,
    "sim_clock": "2020-01-01 10:17:30"
  },
  {
    "value": 170.0,
    "sim_clock": "2020-01-01 10:18:00"
  },
  {
    "value": 171.0,
    "sim_clock": "2020-01-01 10:18:30"
  },
  {
    "value": 174.0,
    "sim_clock": "2020-01-01 10:19:00"
  },
  {
    "value": 176.0,
    "sim_clock": "2020-01-01 10:19:30"
  },
  {
    "value": 179.0,
    "sim_clock": "2020-01-01 10:20:00"
  },
  {
    "value": 179.0,
    "sim_clock": "2020-01-01 10:20:30"
  },
  {
    "value": 180.0,
    "sim_clock": "2020-01-01 10:21:00"
  },
  {
    "value": 180.0,
    "sim_clock": "2020-01-01 10:21:30"
  },
  {
    "value": 182.0,
    "sim_clock": "2020-01-01 10:22:00"
  },
  {
    "value": 183.0,
    "sim_clock": "2020-01-01 10:22:30"
  },
  {
    "value": 183.0,
    "sim_clock": "2020-01-01 10:23:00"
  },
  {
    "value": 185.0,
    "sim_clock": "2020-01-01 10:23:30"
  },
  {
    "value": 185.0,
    "sim_clock": "2020-01-01 10:24:00"
  },
  {
    "value": 185.0,
    "sim_clock": "2020-01-01 10:24:30"
  },
  {
    "value": 186.0,
    "sim_clock": "2020-01-01 10:25:00"
  },
  {
    "value": 187.0,
    "sim_clock": "2020-01-01 10:25:30"
  },
  {
    "value": 188.0,
    "sim_clock": "2020-01-01 10:26:00"
  },
  {
    "value": 190.0,
    "sim_clock": "2020-01-01 10:26:30"
  },
  {
    "value": 192.0,
    "sim_clock": "2020-01-01 10:27:00"
  },
  {
    "value": 193.0,
    "sim_clock": "2020-01-01 10:27:30"
  },
  {
    "value": 194.0,
    "sim_clock": "2020-01-01 10:28:00"
  },
  {
    "value": 194.0,
    "sim_clock": "2020-01-01 10:28:30"
  },
  {
    "value": 194.0,
    "sim_clock": "2020-01-01 10:29:00"
  },
  {
    "value": 194.0,
    "sim_clock": "2020-01-01 10:29:30"
  },
  {
    "value": 194.0,
    "sim_clock": "2020-01-01 10:30:00"
  },
  {
    "value": 196.0,
    "sim_clock": "2020-01-01 10:30:30"
  },
  {
    "value": 196.0,
    "sim_clock": "2020-01-01 10:31:00"
  },
  {
    "value": 196.0,
    "sim_clock": "2020-01-01 10:31:30"
  },
  {
    "value": 197.0,
    "sim_clock": "2020-01-01 10:32:00"
  },
  {
    "value": 200.0,
    "sim_clock": "2020-01-01 10:32:30"
  },
  {
    "value": 201.0,
    "sim_clock": "2020-01-01 10:33:00"
  },
  {
    "value": 201.0,
    "sim_clock": "2020-01-01 10:33:30"
  },
  {
    "value": 203.0,
    "sim_clock": "2020-01-01 10:34:00"
  },
  {
    "value": 203.0,
    "sim_clock": "2020-01-01 10:34:30"
  },
  {
    "value": 205.0,
    "sim_clock": "2020-01-01 10:35:00"
  },
  {
    "value": 205.0,
    "sim_clock": "2020-01-01 10:35:30"
  },
  {
    "value": 205.0,
    "sim_clock": "2020-01-01 10:36:00"
  },
  {
    "value": 206.0,
    "sim_clock": "2020-01-01 10:36:30"
  },
  {
    "value": 208.0,
    "sim_clock": "2020-01-01 10:37:00"
  },
  {
    "value": 208.0,
    "sim_clock": "2020-01-01 10:37:30"
  },
  {
    "value": 208.0,
    "sim_clock": "2020-01-01 10:38:00"
  },
  {
    "value": 209.0,
    "sim_clock": "2020-01-01 10:38:30"
  },
  {
    "value": 210.0,
    "sim_clock": "2020-01-01 10:39:00"
  },
  {
    "value": 211.0,
    "sim_clock": "2020-01-01 10:39:30"
  },
  {
    "value": 212.0,
    "sim_clock": "2020-01-01 10:40:00"
  },
  {
    "value": 214.0,
    "sim_clock": "2020-01-01 10:40:30"
  },
  {
    "value": 216.0,
    "sim_clock": "2020-01-01 10:41:00"
  },
  {
    "value": 219.0,
    "sim_clock": "2020-01-01 10:41:30"
  },
  {
    "value": 219.0,
    "sim_clock": "2020-01-01 10:42:00"
  },
  {
    "value": 220.0,
    "sim_clock": "2020-01-01 10:42:30"
  },
  {
    "value": 221.0,
    "sim_clock": "2020-01-01 10:43:00"
  },
  {
    "value": 221.0,
    "sim_clock": "2020-01-01 10:43:30"
  },
  {
    "value": 221.0,
    "sim_clock": "2020-01-01 10:44:00"
  },
  {
    "value": 222.0,
    "sim_clock": "2020-01-01 10:44:30"
  },
  {
    "value": 224.0,
    "sim_clock": "2020-01-01 10:45:00"
  },
  {
    "value": 225.0,
    "sim_clock": "2020-01-01 10:45:30"
  },
  {
    "value": 225.0,
    "sim_clock": "2020-01-01 10:46:00"
  },
  {
    "value": 225.0,
    "sim_clock": "2020-01-01 10:46:30"
  },
  {
    "value": 225.0,
    "sim_clock": "2020-01-01 10:47:00"
  },
  {
    "value": 226.0,
    "sim_clock": "2020-01-01 10:47:30"
  },
  {
    "value": 226.0,
    "sim_clock": "2020-01-01 10:48:00"
  },
  {
    "value": 227.0,
    "sim_clock": "2020-01-01 10:48:30"
  },
  {
    "value": 229.0,
    "sim_clock": "2020-01-01 10:49:00"
  },
  {
    "value": 231.0,
    "sim_clock": "2020-01-01 10:49:30"
  },
  {
    "value": 232.0,
    "sim_clock": "2020-01-01 10:50:00"
  },
  {
    "value": 234.0,
    "sim_clock": "2020-01-01 10:50:30"
  },
  {
    "value": 235.0,
    "sim_clock": "2020-01-01 10:51:00"
  },
  {
    "value": 237.0,
    "sim_clock": "2020-01-01 10:51:30"
  },
  {
    "value": 238.0,
    "sim_clock": "2020-01-01 10:52:00"
  },
  {
    "value": 238.0,
    "sim_clock": "2020-01-01 10:52:30"
  },
  {
    "value": 238.0,
    "sim_clock": "2020-01-01 10:53:00"
  },
  {
    "value": 238.0,
    "sim_clock": "2020-01-01 10:53:30"
  },
  {
    "value": 239.0,
    "sim_clock": "2020-01-01 10:54:00"
  },
  {
    "value": 240.0,
    "sim_clock": "2020-01-01 10:54:30"
  },
  {
    "value": 241.0,
    "sim_clock": "2020-01-01 10:55:00"
  },
  {
    "value": 241.0,
    "sim_clock": "2020-01-01 10:55:30"
  },
  {
    "value": 242.0,
    "sim_clock": "2020-01-01 10:56:00"
  },
  {
    "value": 242.0,
    "sim_clock": "2020-01-01 10:56:30"
  },
  {
    "value": 243.0,
    "sim_clock": "2020-01-01 10:57:00"
  },
  {
    "value": 244.0,
    "sim_clock": "2020-01-01 10:57:30"
  },
  {
    "value": 244.0,
    "sim_clock": "2020-01-01 10:58:00"
  },
  {
    "value": 245.0,
    "sim_clock": "2020-01-01 10:58:30"
  },
  {
    "value": 245.0,
    "sim_clock": "2020-01-01 10:59:00"
  },
  {
    "value": 246.0,
    "sim_clock": "2020-01-01 10:59:30"
  },
  {
    "value": 246.0,
    "sim_clock": "2020-01-01 11:00:00"
  },
  {
    "value": 246.0,
    "sim_clock": "2020-01-01 11:00:30"
  },
  {
    "value": 246.0,
    "sim_clock": "2020-01-01 11:01:00"
  },
  {
    "value": 247.0,
    "sim_clock": "2020-01-01 11:01:30"
  },
  {
    "value": 248.0,
    "sim_clock": "2020-01-01 11:02:00"
  },
  {
    "value": 249.0,
    "sim_clock": "2020-01-01 11:02:30"
  },
  {
    "value": 249.0,
    "sim_clock": "2020-01-01 11:03:00"
  },
  {
    "value": 249.0,
    "sim_clock": "2020-01-01 11:03:30"
  },
  {
    "value": 252.0,
    "sim_clock": "2020-01-01 11:04:00"
  },
  {
    "value": 256.0,
    "sim_clock": "2020-01-01 11:04:30"
  },
  {
    "value": 259.0,
    "sim_clock": "2020-01-01 11:05:00"
  },
  {
    "value": 260.0,
    "sim_clock": "2020-01-01 11:05:30"
  },
  {
    "value": 260.0,
    "sim_clock": "2020-01-01 11:06:00"
  },
  {
    "value": 261.0,
    "sim_clock": "2020-01-01 11:06:30"
  },
  {
    "value": 263.0,
    "sim_clock": "2020-01-01 11:07:00"
  },
  {
    "value": 264.0,
    "sim_clock": "2020-01-01 11:07:30"
  },
  {
    "value": 265.0,
    "sim_clock": "2020-01-01 11:08:00"
  },
  {
    "value": 266.0,
    "sim_clock": "2020-01-01 11:08:30"
  },
  {
    "value": 266.0,
    "sim_clock": "2020-01-01 11:09:00"
  },
  {
    "value": 267.0,
    "sim_clock": "2020-01-01 11:09:30"
  },
  {
    "value": 268.0,
    "sim_clock": "2020-01-01 11:10:00"
  },
  {
    "value": 270.0,
    "sim_clock": "2020-01-01 11:10:30"
  },
  {
    "value": 271.0,
    "sim_clock": "2020-01-01 11:11:00"
  },
  {
    "value": 271.0,
    "sim_clock": "2020-01-01 11:11:30"
  },
  {
    "value": 272.0,
    "sim_clock": "2020-01-01 11:12:00"
  },
  {
    "value": 273.0,
    "sim_clock": "2020-01-01 11:12:30"
  },
  {
    "value": 274.0,
    "sim_clock": "2020-01-01 11:13:00"
  },
  {
    "value": 276.0,
    "sim_clock": "2020-01-01 11:13:30"
  },
  {
    "value": 280.0,
    "sim_clock": "2020-01-01 11:14:00"
  },
  {
    "value": 280.0,
    "sim_clock": "2020-01-01 11:14:30"
  },
  {
    "value": 280.0,
    "sim_clock": "2020-01-01 11:15:00"
  },
  {
    "value": 281.0,
    "sim_clock": "2020-01-01 11:15:30"
  },
  {
    "value": 281.0,
    "sim_clock": "2020-01-01 11:16:00"
  },
  {
    "value": 282.0,
    "sim_clock": "2020-01-01 11:16:30"
  },
  {
    "value": 282.0,
    "sim_clock": "2020-01-01 11:17:00"
  },
  {
    "value": 282.0,
    "sim_clock": "2020-01-01 11:17:30"
  },
  {
    "value": 284.0,
    "sim_clock": "2020-01-01 11:18:00"
  },
  {
    "value": 285.0,
    "sim_clock": "2020-01-01 11:18:30"
  },
  {
    "value": 286.0,
    "sim_clock": "2020-01-01 11:19:00"
  },
  {
    "value": 286.0,
    "sim_clock": "2020-01-01 11:19:30"
  },
  {
    "value": 286.0,
    "sim_clock": "2020-01-01 11:20:00"
  },
  {
    "value": 287.0,
    "sim_clock": "2020-01-01 11:20:30"
  },
  {
    "value": 287.0,
    "sim_clock": "2020-01-01 11:21:00"
  },
  {
    "value": 288.0,
    "sim_clock": "2020-01-01 11:21:30"
  },
  {
    "value": 288.0,
    "sim_clock": "2020-01-01 11:22:00"
  },
  {
    "value": 289.0,
    "sim_clock": "2020-01-01 11:22:30"
  },
  {
    "value": 289.0,
    "sim_clock": "2020-01-01 11:23:00"
  },
  {
    "value": 289.0,
    "sim_clock": "2020-01-01 11:23:30"
  },
  {
    "value": 289.0,
    "sim_clock": "2020-01-01 11:24:00"
  },
  {
    "value": 290.0,
    "sim_clock": "2020-01-01 11:24:30"
  },
  {
    "value": 292.0,
    "sim_clock": "2020-01-01 11:25:00"
  },
  {
    "value": 294.0,
    "sim_clock": "2020-01-01 11:25:30"
  },
  {
    "value": 295.0,
    "sim_clock": "2020-01-01 11:26:00"
  },
  {
    "value": 295.0,
    "sim_clock": "2020-01-01 11:26:30"
  },
  {
    "value": 296.0,
    "sim_clock": "2020-01-01 11:27:00"
  },
  {
    "value": 297.0,
    "sim_clock": "2020-01-01 11:27:30"
  },
  {
    "value": 300.0,
    "sim_clock": "2020-01-01 11:28:00"
  },
  {
    "value": 300.0,
    "sim_clock": "2020-01-01 11:28:30"
  },
  {
    "value": 301.0,
    "sim_clock": "2020-01-01 11:29:00"
  },
  {
    "value": 302.0,
    "sim_clock": "2020-01-01 11:29:30"
  },
  {
    "value": 303.0,
    "sim_clock": "2020-01-01 11:30:00"
  },
  {
    "value": 303.0,
    "sim_clock": "2020-01-01 11:30:30"
  },
  {
    "value": 303.0,
    "sim_clock": "2020-01-01 11:31:00"
  },
  {
    "value": 303.0,
    "sim_clock": "2020-01-01 11:31:30"
  },
  {
    "value": 303.0,
    "sim_clock": "2020-01-01 11:32:00"
  },
  {
    "value": 304.0,
    "sim_clock": "2020-01-01 11:32:30"
  },
  {
    "value": 304.0,
    "sim_clock": "2020-01-01 11:33:00"
  },
  {
    "value": 305.0,
    "sim_clock": "2020-01-01 11:33:30"
  },
  {
    "value": 306.0,
    "sim_clock": "2020-01-01 11:34:00"
  },
  {
    "value": 306.0,
    "sim_clock": "2020-01-01 11:34:30"
  },
  {
    "value": 306.0,
    "sim_clock": "2020-01-01 11:35:00"
  },
  {
    "value": 308.0,
    "sim_clock": "2020-01-01 11:35:30"
  },
  {
    "value": 309.0,
    "sim_clock": "2020-01-01 11:36:00"
  },
  {
    "value": 309.0,
    "sim_clock": "2020-01-01 11:36:30"
  },
  {
    "value": 311.0,
    "sim_clock": "2020-01-01 11:37:00"
  },
  {
    "value": 311.0,
    "sim_clock": "2020-01-01 11:37:30"
  },
  {
    "value": 312.0,
    "sim_clock": "2020-01-01 11:38:00"
  },
  {
    "value": 312.0,
    "sim_clock": "2020-01-01 11:38:30"
  },
  {
    "value": 312.0,
    "sim_clock": "2020-01-01 11:39:00"
  },
  {
    "value": 312.0,
    "sim_clock": "2020-01-01 11:39:30"
  },
  {
    "value": 313.0,
    "sim_clock": "2020-01-01 11:40:00"
  },
  {
    "value": 314.0,
    "sim_clock": "2020-01-01 11:40:30"
  },
  {
    "value": 315.0,
    "sim_clock": "2020-01-01 11:41:00"
  },
  {
    "value": 316.0,
    "sim_clock": "2020-01-01 11:41:30"
  },
  {
    "value": 317.0,
    "sim_clock": "2020-01-01 11:42:00"
  },
  {
    "value": 317.0,
    "sim_clock": "2020-01-01 11:42:30"
  },
  {
    "value": 317.0,
    "sim_clock": "2020-01-01 11:43:00"
  },
  {
    "value": 318.0,
    "sim_clock": "2020-01-01 11:43:30"
  },
  {
    "value": 319.0,
    "sim_clock": "2020-01-01 11:44:00"
  },
  {
    "value": 321.0,
    "sim_clock": "2020-01-01 11:44:30"
  },
  {
    "value": 321.0,
    "sim_clock": "2020-01-01 11:45:00"
  },
  {
    "value": 322.0,
    "sim_clock": "2020-01-01 11:45:30"
  },
  {
    "value": 322.0,
    "sim_clock": "2020-01-01 11:46:00"
  },
  {
    "value": 322.0,
    "sim_clock": "2020-01-01 11:46:30"
  },
  {
    "value": 326.0,
    "sim_clock": "2020-01-01 11:47:00"
  },
  {
    "value": 328.0,
    "sim_clock": "2020-01-01 11:47:30"
  },
  {
    "value": 329.0,
    "sim_clock": "2020-01-01 11:48:00"
  },
  {
    "value": 329.0,
    "sim_clock": "2020-01-01 11:48:30"
  },
  {
    "value": 329.0,
    "sim_clock": "2020-01-01 11:49:00"
  },
  {
    "value": 329.0,
    "sim_clock": "2020-01-01 11:49:30"
  },
  {
    "value": 329.0,
    "sim_clock": "2020-01-01 11:50:00"
  },
  {
    "value": 329.0,
    "sim_clock": "2020-01-01 11:50:30"
  },
  {
    "value": 329.0,
    "sim_clock": "2020-01-01 11:51:00"
  },
  {
    "value": 330.0,
    "sim_clock": "2020-01-01 11:51:30"
  },
  {
    "value": 332.0,
    "sim_clock": "2020-01-01 11:52:00"
  },
  {
    "value": 332.0,
    "sim_clock": "2020-01-01 11:52:30"
  },
  {
    "value": 332.0,
    "sim_clock": "2020-01-01 11:53:00"
  },
  {
    "value": 332.0,
    "sim_clock": "2020-01-01 11:53:30"
  },
  {
    "value": 332.0,
    "sim_clock": "2020-01-01 11:54:00"
  },
  {
    "value": 332.0,
    "sim_clock": "2020-01-01 11:54:30"
  },
  {
    "value": 332.0,
    "sim_clock": "2020-01-01 11:55:00"
  },
  {
    "value": 332.0,
    "sim_clock": "2020-01-01 11:55:30"
  },
  {
    "value": 334.0,
    "sim_clock": "2020-01-01 11:56:00"
  },
  {
    "value": 336.0,
    "sim_clock": "2020-01-01 11:56:30"
  },
  {
    "value": 338.0,
    "sim_clock": "2020-01-01 11:57:00"
  },
  {
    "value": 338.0,
    "sim_clock": "2020-01-01 11:57:30"
  },
  {
    "value": 338.0,
    "sim_clock": "2020-01-01 11:58:00"
  },
  {
    "value": 338.0,
    "sim_clock": "2020-01-01 11:58:30"
  },
  {
    "value": 339.0,
    "sim_clock": "2020-01-01 11:59:00"
  },
  {
    "value": 339.0,
    "sim_clock": "2020-01-01 11:59:30"
  }
]