[
  {
    "value": 0.0,
    "sim_clock": "2020-01-01 08:00:00"
  },
  {
    "value": 0.0,
    "sim_clock": "2020-01-01 08:00:30"
  },
  {
    "value": 0.0,
    "sim_clock": "2020-01-01 08:01:00"
  },
  {
    "value": 0.0,
    "sim_clock": "2020-01-01 08:01:30"
  },
  {
    "value": 0.0,
    "sim_clock": "2020-01-01 08:02:00"
  },
  {
    "value": 0.0,
    "sim_clock": "2020-01-01 08:02:30"
  },
  {
    "value": 0.0,
    "sim_clock": "2020-01-01 08:03:00"
  },
  {
    "value": 0.0,
    "sim_clock": "2020-01-01 08:03:30"
  },
  {
    "value": 0.0,
    "sim_clock": "2020-01-01 08:04:00"
  },
  {
    "value": 0.0,
    "sim_clock": "2020-01-01 08:04:30"
  },
  {
    "value": 0.0,
    "sim_clock": "2020-01-01 08:05:00"
  },
  {
    "value": 0.0,
    "sim_clock": "2020-01-01 08:05:30"
  },
  {
    "value": 1.0,
    "sim_clock": "2020-01-01 08:06:00"
  },
  {
    "value": 1.0,
    "sim_clock": "2020-01-01 08:06:30"
  },
  {
    "value": 1.0,
    "sim_clock": "2020-01-01 08:07:00"
  },
  {
    "value": 1.0,
    "sim_clock": "2020-01-01 08:07:30"
  },
  {
    "value": 1.0,
    "sim_clock": "2020-01-01 08:08:00"
  },
  {
    "value": 2.0,
    "sim_clock": "2020-01-01 08:08:30"
  },
  {
    "value": 2.0,
    "sim_clock": "2020-01-01 08:09:00"
  },
  {
    "value": 3.0,
    "sim_clock": "2020-01-01 08:09:30"
  },
  {
    "value": 4.0,
    "sim_clock": "2020-01-01 08:10:00"
  },
  {
    "value": 6.0,
    "sim_clock": "2020-01-01 08:10:30"
  },
  {
    "value": 10.0,
    "sim_clock": "2020-01-01 08:11:00"
  },
  {
    "value": 12.0,
    "sim_clock": "2020-01-01 08:11:30"
  },
  {
    "value": 18.0,
    "sim_clock": "2020-01-01 08:12:00"
  },
  {
    "value": 23.0,
    "sim_clock": "2020-01-01 08:12:30"
  },
  {
    "value": 26.0,
    "sim_clock": "2020-01-01 08:13:00"
  },
  {
    "value": 31.0,
    "sim_clock": "2020-01-01 08:13:30"
  },
  {
    "value": 32.0,
    "sim_clock": "2020-01-01 08:14:00"
  },
  {
    "value": 36.0,
    "sim_clock": "2020-01-01 08:14:30"
  },
  {
    "value": 40.0,
    "sim_clock": "2020-01-01 08:15:00"
  },
  {
    "value": 44.0,
    "sim_clock": "2020-01-01 08:15:30"
  },
  {
    "value": 48.0,
    "sim_clock": "2020-01-01 08:16:00"
  },
  {
    "value": 52.0,
    "sim_clock": "2020-01-01 08:16:30"
  },
  {
    "value": 55.0,
    "sim_clock": "2020-01-01 08:17:00"
  },
  {
    "value": 56.0,
    "sim_clock": "2020-01-01 08:17:30"
  },
  {
    "value": 60.0,
    "sim_clock": "2020-01-01 08:18:00"
  },
  {
    "value": 66.0,
    "sim_clock": "2020-01-01 08:18:30"
  },
  {
    "value": 70.0,
    "sim_clock": "2020-01-01 08:19:00"
  },
  {
    "value": 76.0,
    "sim_clock": "2020-01-01 08:19:30"
  },
  {
    "value": 77.0,
    "sim_clock": "2020-01-01 08:20:00"
  },
  {
    "value": 84.0,
    "sim_clock": "2020-01-01 08:20:30"
  },
  {
    "value": 93.0,
    "sim_clock": "2020-01-01 08:21:00"
  },
  {
    "value": 97.0,
    "sim_clock": "2020-01-01 08:21:30"
  },
  {
    "value": 101.0,
    "sim_clock": "2020-01-01 08:22:00"
  },
  {
    "value": 110.0,
    "sim_clock": "2020-01-01 08:22:30"
  },
  {
    "value": 113.0,
    "sim_clock": "2020-01-01 08:23:00"
  },
  {
    "value": 115.0,
    "sim_clock": "2020-01-01 08:23:30"
  },
  {
    "value": 121.0,
    "sim_clock": "2020-01-01 08:24:00"
  },
  {
    "value": 123.0,
    "sim_clock": "2020-01-01 08:24:30"
  },
  {
    "value": 130.0,
    "sim_clock": "2020-01-01 08:25:00"
  },
  {
    "value": 133.0,
    "sim_clock": "2020-01-01 08:25:30"
  },
  {
    "value": 138.0,
    "sim_clock": "2020-01-01 08:26:00"
  },
  {
    "value": 141.0,
    "sim_clock": "2020-01-01 08:26:30"
  },
  {
    "value": 147.0,
    "sim_clock": "2020-01-01 08:27:00"
  },
  {
    "value": 152.0,
    "sim_clock": "2020-01-01 08:27:30"
  },
  {
    "value": 154.0,
    "sim_clock": "2020-01-01 08:28:00"
  },
  {
    "value": 156.0,
    "sim_clock": "2020-01-01 08:28:30"
  },
  {
    "value": 159.0,
    "sim_clock": "2020-01-01 08:29:00"
  },
  {
    "value": 164.0,
    "sim_clock": "2020-01-01 08:29:30"
  },
  {
    "value": 168.0,
    "sim_clock": "2020-01-01 08:30:00"
  },
  {
    "value": 170.0,
    "sim_clock": "2020-01-01 08:30:30"
  },
  {
    "value": 172.0,
    "sim_clock": "2020-01-01 08:31:00"
  },
  {
    "value": 172.0,
    "sim_clock": "2020-01-01 08:31:30"
  },
  {
    "value": 174.0,
    "sim_clock": "2020-01-01 08:32:00"
  },
  {
    "value": 181.0,
    "sim_clock": "2020-01-01 08:32:30"
  },
  {
    "value": 185.0,
    "sim_clock": "2020-01-01 08:33:00"
  },
  {
    "value": 189.0,
    "sim_clock": "2020-01-01 08:33:30"
  },
  {
    "value": 191.0,
    "sim_clock": "2020-01-01 08:34:00"
  },
  {
    "value": 194.0,
    "sim_clock": "2020-01-01 08:34:30"
  },
  {
    "value": 194.0,
    "sim_clock": "2020-01-01 08:35:00"
  },
  {
    "value": 198.0,
    "sim_clock": "2020-01-01 08:35:30"
  },
  {
    "value": 202.0,
    "sim_clock": "2020-01-01 08:36:00"
  },
  {
    "value": 206.0,
    "sim_clock": "2020-01-01 08:36:30"
  },
  {
    "value": 207.0,
    "sim_clock": "2020-01-01 08:37:00"
  },
  {
    "value": 216.0,
    "sim_clock": "2020-01-01 08:37:30"
  },
  {
    "value": 220.0,
    "sim_clock": "2020-01-01 08:38:00"
  },
  {
    "value": 221.0,
    "sim_clock": "2020-01-01 08:38:30"
  },
  {
    "value": 224.0,
    "sim_clock": "2020-01-01 08:39:00"
  },
  {
    "value": 226.0,
    "sim_clock": "2020-01-01 08:39:30"
  },
  {
    "value": 227.0,
    "sim_clock": "2020-01-01 08:40:00"
  },
  {
    "value": 229.0,
    "sim_clock": "2020-01-01 08:40:30"
  },
  {
    "value": 233.0,
    "sim_clock": "2020-01-01 08:41:00"
  },
  {
    "value": 234.0,
    "sim_clock": "2020-01-01 08:41:30"
  },
  {
    "value": 240.0,
    "sim_clock": "2020-01-01 08:42:00"
  },
  {
    "value": 242.0,
    "sim_clock": "2020-01-01 08:42:30"
  },
  {
    "value": 243.0,
    "sim_clock": "2020-01-01 08:43:00"
  },
  {
    "value": 247.0,
    "sim_clock": "2020-01-01 08:43:30"
  },
  {
    "value": 251.0,
    "sim_clock": "2020-01-01 08:44:00"
  },
  {
    "value": 255.0,
    "sim_clock": "2020-01-01 08:44:30"
  },
  {
    "value": 256.0,
    "sim_clock": "2020-01-01 08:45:00"
  },
  {
    "value": 257.0,
    "sim_clock": "2020-01-01 08:45:30"
  },
  {
    "value": 262.0,
    "sim_clock": "2020-01-01 08:46:00"
  },
  {
    "value": 264.0,
    "sim_clock": "2020-01-01 08:46:30"
  },
  {
    "value": 266.0,
    "sim_clock": "2020-01-01 08:47:00"
  },
  {
    "value": 267.0,
    "sim_clock": "2020-01-01 08:47:30"
  },
  {
    "value": 270.0,
    "sim_clock": "2020-01-01 08:48:00"
  },
  {
    "value": 273.0,
    "sim_clock": "2020-01-01 08:48:30"
  },
  {
    "value": 276.0,
    "sim_clock": "2020-01-01 08:49:00"
  },
  {
    "value": 282.0,
    "sim_clock": "2020-01-01 08:49:30"
  },
  {
    "value": 285.0,
    "sim_clock": "2020-01-01 08:50:00"
  },
  {
    "value": 289.0,
    "sim_clock": "2020-01-01 08:50:30"
  },
  {
    "value": 295.0,
    "sim_clock": "2020-01-01 08:51:00"
  },
  {
    "value": 297.0,
    "sim_clock": "2020-01-01 08:51:30"
  },
  {
    "value": 299.0,
    "sim_clock": "2020-01-01 08:52:00"
  },
  {
    "value": 304.0,
    "sim_clock": "2020-01-01 08:52:30"
  },
  {
    "value": 306.0,
    "sim_clock": "2020-01-01 08:53:00"
  },
  {
    "value": 311.0,
    "sim_clock": "2020-01-01 08:53:30"
  },
  {
    "value": 313.0,
    "sim_clock": "2020-01-01 08:54:00"
  },
  {
    "value": 318.0,
    "sim_clock": "2020-01-01 08:54:30"
  },
  {
    "value": 322.0,
    "sim_clock": "2020-01-01 08:55:00"
  },
  {
    "value": 323.0,
    "sim_clock": "2020-01-01 08:55:30"
  },
  {
    "value": 324.0,
    "sim_clock": "2020-01-01 08:56:00"
  },
  {
    "value": 329.0,
    "sim_clock": "2020-01-01 08:56:30"
  },
  {
    "value": 334.0,
    "sim_clock": "2020-01-01 08:57:00"
  },
  {
    "value": 337.0,
    "sim_clock": "2020-01-01 08:57:30"
  },
  {
    "value": 341.0,
    "sim_clock": "2020-01-01 08:58:00"
  },
  {
    "value": 347.0,
    "sim_clock": "2020-01-01 08:58:30"
  },
  {
    "value": 347.0,
    "sim_clock": "2020-01-01 08:59:00"
  },
  {
    "value": 350.0,
    "sim_clock": "2020-01-01 08:59:30"
  },
  {
    "value": 353.0,
    "sim_clock": "2020-01-01 09:00:00"
  },
  {
    "value": 360.0,
    "sim_clock": "2020-01-01 09:00:30"
  },
  {
    "value": 360.0,
    "sim_clock": "2020-01-01 09:01:00"
  },
  {
    "value": 362.0,
    "sim_clock": "2020-01-01 09:01:30"
  },
  {
    "value": 365.0,
    "sim_clock": "2020-01-01 09:02:00"
  },
  {
    "value": 369.0,
    "sim_clock": "2020-01-01 09:02:30"
  },
  {
    "value": 370.0,
    "sim_clock": "2020-01-01 09:03:00"
  },
  {
    "value": 371.0,
    "sim_clock": "2020-01-01 09:03:30"
  },
  {
    "value": 376.0,
    "sim_clock": "2020-01-01 09:04:00"
  },
  {
    "value": 377.0,
    "sim_clock": "2020-01-01 09:04:30"
  },
  {
    "value": 380.0,
    "sim_clock": "2020-01-01 09:05:00"
  },
  {
    "value": 384.0,
    "sim_clock": "2020-01-01 09:05:30"
  },
  {
    "value": 387.0,
    "sim_clock": "2020-01-01 09:06:00"
  },
  {
    "value": 390.0,
    "sim_clock": "2020-01-01 09:06:30"
  },
  {
    "value": 391.0,
    "sim_clock": "2020-01-01 09:07:00"
  },
  {
    "value": 394.0,
    "sim_clock": "2020-01-01 09:07:30"
  },
  {
    "value": 403.0,
    "sim_clock": "2020-01-01 09:08:00"
  },
  {
    "value": 405.0,
    "sim_clock": "2020-01-01 09:08:30"
  },
  {
    "value": 413.0,
    "sim_clock": "2020-01-01 09:09:00"
  },
  {
    "value": 419.0,
    "sim_clock": "2020-01-01 09:09:30"
  },
  {
    "value": 420.0,
    "sim_clock": "2020-01-01 09:10:00"
  },
  {
    "value": 421.0,
    "sim_clock": "2020-01-01 09:10:30"
  },
  {
    "value": 421.0,
    "sim_clock": "2020-01-01 09:11:00"
  },
  {
    "value": 426.0,
    "sim_clock": "2020-01-01 09:11:30"
  },
  {
    "value": 428.0,
    "sim_clock": "2020-01-01 09:12:00"
  },
  {
    "value": 431.0,
    "sim_clock": "2020-01-01 09:12:30"
  },
  {
    "value": 433.0,
    "sim_clock": "2020-01-01 09:13:00"
  },
  {
    "value": 436.0,
    "sim_clock": "2020-01-01 09:13:30"
  },
  {
    "value": 440.0,
    "sim_clock": "2020-01-01 09:14:00"
  },
  {
    "value": 443.0,
    "sim_clock": "2020-01-01 09:14:30"
  },
  {
    "value": 447.0,
    "sim_clock": "2020-01-01 09:15:00"
  },
  {
    "value": 451.0,
    "sim_clock": "2020-01-01 09:15:30"
  },
  {
    "value": 455.0,
    "sim_clock": "2020-01-01 09:16:00"
  },
  {
    "value": 459.0,
    "sim_clock": "2020-01-01 09:16:30"
  },
  {
    "value": 461.0,
    "sim_clock": "2020-01-01 09:17:00"
  },
  {
    "value": 464.0,
    "sim_clock": "2020-01-01 09:17:30"
  },
  {
    "value": 466.0,
    "sim_clock": "2020-01-01 09:18:00"
  },
  {
    "value": 470.0,
    "sim_clock": "2020-01-01 09:18:30"
  },
  {
    "value": 477.0,
    "sim_clock": "2020-01-01 09:19:00"
  },
  {
    "value": 479.0,
    "sim_clock": "2020-01-01 09:19:30"
  },
  {
    "value": 482.0,
    "sim_clock": "2020-01-01 09:20:00"
  },
  {
    "value": 484.0,
    "sim_clock": "2020-01-01 09:20:30"
  },
  {
    "value": 486.0,
    "sim_clock": "2020-01-01 09:21:00"
  },
  {
    "value": 494.0,
    "sim_clock": "2020-01-01 09:21:30"
  },
  {
    "value": 501.0,
    "sim_clock": "2020-01-01 09:22:00"
  },
  {
    "value": 503.0,
    "sim_clock": "2020-01-01 09:22:30"
  },
  {
    "value": 503.0,
    "sim_clock": "2020-01-01 09:23:00"
  },
  {
    "value": 507.0,
    "sim_clock": "2020-01-01 09:23:30"
  },
  {
    "value": 511.0,
    "sim_clock": "2020-01-01 09:24:00"
  },
  {
    "value": 511.0,
    "sim_clock": "2020-01-01 09:24:30"
  },
  {
    "value": 513.0,
    "sim_clock": "2020-01-01 09:25:00"
  },
  {
    "value": 517.0,
    "sim_clock": "2020-01-01 09:25:30"
  },
  {
    "value": 522.0,
    "sim_clock": "2020-01-01 09:26:00"
  },
  {
    "value": 526.0,
    "sim_clock": "2020-01-01 09:26:30"
  },
  {
    "value": 532.0,
    "sim_clock": "2020-01-01 09:27:00"
  },
  {
    "value": 535.0,
    "sim_clock": "2020-01-01 09:27:30"
  },
  {
    "value": 537.0,
    "sim_clock": "2020-01-01 09:28:00"
  },
  {
    "value": 538.0,
    "sim_clock": "2020-01-01 09:28:30"
  },
  {
    "value": 544.0,
    "sim_clock": "2020-01-01 09:29:00"
  },
  {
    "value": 548.0,
    "sim_clock": "2020-01-01 09:29:30"
  },
  {
    "value": 551.0,
    "sim_clock": "2020-01-01 09:30:00"
  },
  {
    "value": 553.0,
    "sim_clock": "2020-01-01 09:30:30"
  },
  {
    "value": 557.0,
    "sim_clock": "2020-01-01 09:31:00"
  },
  {
    "value": 560.0,
    "sim_clock": "2020-01-01 09:31:30"
  },
  {
    "value": 565.0,
    "sim_clock": "2020-01-01 09:32:00"
  },
  {
    "value": 568.0,
    "sim_clock": "2020-01-01 09:32:30"
  },
  {
    "value": 571.0,
    "sim_clock": "2020-01-01 09:33:00"
  },
  {
    "value": 574.0,
    "sim_clock": "2020-01-01 09:33:30"
  },
  {
    "value": 575.0,
    "sim_clock": "2020-01-01 09:34:00"
  },
  {
    "value": 581.0,
    "sim_clock": "2020-01-01 09:34:30"
  },
  {
    "value": 581.0,
    "sim_clock": "2020-01-01 09:35:00"
  },
  {
    "value": 584.0,
    "sim_clock": "2020-01-01 09:35:30"
  },
  {
    "value": 588.0,
    "sim_clock": "2020-01-01 09:36:00"
  },
  {
    "value": 593.0,
    "sim_clock": "2020-01-01 09:36:30"
  },
  {
    "value": 600.0,
    "sim_clock": "2020-01-01 09:37:00"
  },
  {
    "value": 604.0,
    "sim_clock": "2020-01-01 09:37:30"
  },
  {
    "value": 609.0,
    "sim_clock": "2020-01-01 09:38:00"
  },
  {
    "value": 611.0,
    "sim_clock": "2020-01-01 09:38:30"
  },
  {
    "value": 612.0,
    "sim_clock": "2020-01-01 09:39:00"
  },
  {
    "value": 613.0,
    "sim_clock": "2020-01-01 09:39:30"
  },
  {
    "value": 618.0,
    "sim_clock": "2020-01-01 09:40:00"
  },
  {
    "value": 622.0,
    "sim_clock": "2020-01-01 09:40:30"
  },
  {
    "value": 629.0,
    "sim_clock": "2020-01-01 09:41:00"
  },
  {
    "value": 629.0,
    "sim_clock": "2020-01-01 09:41:30"
  },
  {
    "value": 632.0,
    "sim_clock": "2020-01-01 09:42:00"
  },
  {
    "value": 633.0,
    "sim_clock": "2020-01-01 09:42:30"
  },
  {
    "value": 637.0,
    "sim_clock": "2020-01-01 09:43:00"
  },
  {
    "value": 642.0,
    "sim_clock": "2020-01-01 09:43:30"
  },
  {
    "value": 646.0,
    "sim_clock": "2020-01-01 09:44:00"
  },
  {
    "value": 649.0,
    "sim_clock": "2020-01-01 09:44:30"
  },
  {
    "value": 650.0,
    "sim_clock": "2020-01-01 09:45:00"
  },
  {
    "value": 657.0,
    "sim_clock": "2020-01-01 09:45:30"
  },
  {
    "value": 660.0,
    "sim_clock": "2020-01-01 09:46:00"
  },
  {
    "value": 665.0,
    "sim_clock": "2020-01-01 09:46:30"
  },
  {
    "value": 671.0,
    "sim_clock": "2020-01-01 09:47:00"
  },
  {
    "value": 674.0,
    "sim_clock": "2020-01-01 09:47:30"
  },
  {
    "value": 677.0,
    "sim_clock": "2020-01-01 09:48:00"
  },
  {
    "value": 679.0,
    "sim_clock": "2020-01-01 09:48:30"
  },
  {
    "value": 684.0,
    "sim_clock": "2020-01-01 09:49:00"
  },
  {
    "value": 686.0,
    "sim_clock": "2020-01-01 09:49:30"
  },
  {
    "value": 692.0,
    "sim_clock": "2020-01-01 09:50:00"
  },
  {
    "value": 695.0,
    "sim_clock": "2020-01-01 09:50:30"
  },
  {
    "value": 698.0,
    "sim_clock": "2020-01-01 09:51:00"
  },
  {
    "value": 701.0,
    "sim_clock": "2020-01-01 09:51:30"
  },
  {
    "value": 703.0,
    "sim_clock": "2020-01-01 09:52:00"
  },
  {
    "value": 705.0,
    "sim_clock": "2020-01-01 09:52:30"
  },
  {
    "value": 709.0,
    "sim_clock": "2020-01-01 09:53:00"
  },
  {
    "value": 711.0,
    "sim_clock": "2020-01-01 09:53:30"
  },
  {
    "value": 713.0,
    "sim_clock": "2020-01-01 09:54:00"
  },
  {
    "value": 714.0,
    "sim_clock": "2020-01-01 09:54:30"
  },
  {
    "value": 718.0,
    "sim_clock": "2020-01-01 09:55:00"
  },
  {
    "value": 719.0,
    "sim_clock": "2020-01-01 09:55:30"
  },
  {
    "value": 721.0,
    "sim_clock": "2020-01-01 09:56:00"
  },
  {
    "value": 723.0,
    "sim_clock": "2020-01-01 09:56:30"
  },
  {
    "value": 726.0,
    "sim_clock": "2020-01-01 09:57:00"
  },
  {
    "value": 730.0,
    "sim_clock": "2020-01-01 09:57:30"
  },
  {
    "value": 731.0,
    "sim_clock": "2020-01-01 09:58:00"
  },
  {
    "value": 739.0,
    "sim_clock": "2020-01-01 09:58:30"
  },
  {
    "value": 743.0,
    "sim_clock": "2020-01-01 09:59:00"
  },
  {
    "value": 749.0,
    "sim_clock": "2020-01-01 09:59:30"
  },
  {
    "value": 751.0,
    "sim_clock": "2020-01-01 10:00:00"
  },
  {
    "value": 757.0,
    "sim_clock": "2020-01-01 10:00:30"
  },
  {
    "value": 759.0,
    "sim_clock": "2020-01-01 10:01:00"
  },
  {
    "value": 764.0,
    "sim_clock": "2020-01-01 10:01:30"
  },
  {
    "value": 765.0,
    "sim_clock": "2020-01-01 10:02:00"
  },
  {
    "value": 769.0,
    "sim_clock": "2020-01-01 10:02:30"
  },
  {
    "value": 770.0,
    "sim_clock": "2020-01-01 10:03:00"
  },
  {
    "value": 771.0,
    "sim_clock": "2020-01-01 10:03:30"
  },
  {
    "value": 773.0,
    "sim_clock": "2020-01-01 10:04:00"
  },
  {
    "value": 776.0,
    "sim_clock": "2020-01-01 10:04:30"
  },
  {
    "value": 780.0,
    "sim_clock": "2020-01-01 10:05:00"
  },
  {
    "value": 783.0,
    "sim_clock": "2020-01-01 10:05:30"
  },
  {
    "value": 787.0,
    "sim_clock": "2020-01-01 10:06:00"
  },
  {
    "value": 789.0,
    "sim_clock": "2020-01-01 10:06:30"
  },
  {
    "value": 790.0,
    "sim_clock": "2020-01-01 10:07:00"
  },
  {
    "value": 793.0,
    "sim_clock": "2020-01-01 10:07:30"
  },
  {
    "value": 798.0,
    "sim_clock": "2020-01-01 10:08:00"
  },
  {
    "value": 804.0,
    "sim_clock": "2020-01-01 10:08:30"
  },
  {
    "value": 806.0,
    "sim_clock": "2020-01-01 10:09:00"
  },
  {
    "value": 809.0,
    "sim_clock": "2020-01-01 10:09:30"
  },
  {
    "value": 813.0,
    "sim_clock": "2020-01-01 10:10:00"
  },
  {
    "value": 817.0,
    "sim_clock": "2020-01-01 10:10:30"
  },
  {
    "value": 822.0,
    "sim_clock": "2020-01-01 10:11:00"
  },
  {
    "value": 826.0,
    "sim_clock": "2020-01-01 10:11:30"
  },
  {
    "value": 830.0,
    "sim_clock": "2020-01-01 10:12:00"
  },
  {
    "value": 834.0,
    "sim_clock": "2020-01-01 10:12:30"
  },
  {
    "value": 836.0,
    "sim_clock": "2020-01-01 10:13:00"
  },
  {
    "value": 840.0,
    "sim_clock": "2020-01-01 10:13:30"
  },
  {
    "value": 843.0,
    "sim_clock": "2020-01-01 10:14:00"
  },
  {
    "value": 848.0,
    "sim_clock": "2020-01-01 10:14:30"
  },
  {
    "value": 853.0,
    "sim_clock": "2020-01-01 10:15:00"
  },
  {
    "value": 855.0,
    "sim_clock": "2020-01-01 10:15:30"
  },
  {
    "value": 862.0,
    "sim_clock": "2020-01-01 10:16:00"
  },
  {
    "value": 866.0,
    "sim_clock": "2020-01-01 10:16:30"
  },
  {
    "value": 869.0,
    "sim_clock": "2020-01-01 10:17:00"
  },
  {
    "value": 872.0,
    "sim_clock": "2020-01-01 10:17:30"
  },
  {
    "value": 875.0,
    "sim_clock": "2020-01-01 10:18:00"
  },
  {
    "value": 875.0,
    "sim_clock": "2020-01-01 10:18:30"
  },
  {
    "value": 878.0,
    "sim_clock": "2020-01-01 10:19:00"
  },
  {
    "value": 884.0,
    "sim_clock": "2020-01-01 10:19:30"
  },
  {
    "value": 887.0,
    "sim_clock": "2020-01-01 10:20:00"
  },
  {
    "value": 889.0,
    "sim_clock": "2020-01-01 10:20:30"
  },
  {
    "value": 893.0,
    "sim_clock": "2020-01-01 10:21:00"
  },
  {
    "value": 897.0,
    "sim_clock": "2020-01-01 10:21:30"
  },
  {
    "value": 902.0,
    "sim_clock": "2020-01-01 10:22:00"
  },
  {
    "value": 909.0,
    "sim_clock": "2020-01-01 10:22:30"
  },
  {
    "value": 909.0,
    "sim_clock": "2020-01-01 10:23:00"
  },
  {
    "value": 911.0,
    "sim_clock": "2020-01-01 10:23:30"
  },
  {
    "value": 916.0,
    "sim_clock": "2020-01-01 10:24:00"
  },
  {
    "value": 920.0,
    "sim_clock": "2020-01-01 10:24:30"
  },
  {
    "value": 923.0,
    "sim_clock": "2020-01-01 10:25:00"
  },
  {
    "value": 924.0,
    "sim_clock": "2020-01-01 10:25:30"
  },
  {
    "value": 926.0,
    "sim_clock": "2020-01-01 10:26:00"
  },
  {
    "value": 929.0,
    "sim_clock": "2020-01-01 10:26:30"
  },
  {
    "value": 930.0,
    "sim_clock": "2020-01-01 10:27:00"
  },
  {
    "value": 940.0,
    "sim_clock": "2020-01-01 10:27:30"
  },
  {
    "value": 946.0,
    "sim_clock": "2020-01-01 10:28:00"
  },
  {
    "value": 949.0,
    "sim_clock": "2020-01-01 10:28:30"
  },
  {
    "value": 952.0,
    "sim_clock": "2020-01-01 10:29:00"
  },
  {
    "value": 954.0,
    "sim_clock": "2020-01-01 10:29:30"
  },
  {
    "value": 957.0,
    "sim_clock": "2020-01-01 10:30:00"
  },
  {
    "value": 958.0,
    "sim_clock": "2020-01-01 10:30:30"
  },
  {
    "value": 959.0,
    "sim_clock": "2020-01-01 10:31:00"
  },
  {
    "value": 962.0,
    "sim_clock": "2020-01-01 10:31:30"
  },
  {
    "value": 968.0,
    "sim_clock": "2020-01-01 10:32:00"
  },
  {
    "value": 972.0,
    "sim_clock": "2020-01-01 10:32:30"
  },
  {
    "value": 974.0,
    "sim_clock": "2020-01-01 10:33:00"
  },
  {
    "value": 979.0,
    "sim_clock": "2020-01-01 10:33:30"
  },
  {
    "value": 985.0,
    "sim_clock": "2020-01-01 10:34:00"
  },
  {
    "value": 989.0,
    "sim_clock": "2020-01-01 10:34:30"
  },
  {
    "value": 989.0,
    "sim_clock": "2020-01-01 10:35:00"
  },
  {
    "value": 992.0,
    "sim_clock": "2020-01-01 10:35:30"
  },
  {
    "value": 997.0,
    "sim_clock": "2020-01-01 10:36:00"
  },
  {
    "value": 1001.0,
    "sim_clock": "2020-01-01 10:36:30"
  },
  {
    "value": 1003.0,
    "sim_clock": "2020-01-01 10:37:00"
  },
  {
    "value": 1005.0,
    "sim_clock": "2020-01-01 10:37:30"
  },
  {
    "value": 1008.0,
    "sim_clock": "2020-01-01 10:38:00"
  },
  {
    "value": 1011.0,
    "sim_clock": "2020-01-01 10:38:30"
  },
  {
    "value": 1012.0,
    "sim_clock": "2020-01-01 10:39:00"
  },
  {
    "value": 1016.0,
    "sim_clock": "2020-01-01 10:39:30"
  },
  {
    "value": 1019.0,
    "sim_clock": "2020-01-01 10:40:00"
  },
  {
    "value": 1022.0,
    "sim_clock": "2020-01-01 10:40:30"
  },
  {
    "value": 1029.0,
    "sim_clock": "2020-01-01 10:41:00"
  },
  {
    "value": 1032.0,
    "sim_clock": "2020-01-01 10:41:30"
  },
  {
    "value": 1036.0,
    "sim_clock": "2020-01-01 10:42:00"
  },
  {
    "value": 1041.0,
    "sim_clock": "2020-01-01 10:42:30"
  },
  {
    "value": 1044.0,
    "sim_clock": "2020-01-01 10:43:00"
  },
  {
    "value": 1044.0,
    "sim_clock": "2020-01-01 10:43:30"
  },
  {
    "value": 1047.0,
    "sim_clock": "2020-01-01 10:44:00"
  },
  {
    "value": 1050.0,
    "sim_clock": "2020-01-01 10:44:30"
  },
  {
    "value": 1054.0,
    "sim_clock": "2020-01-01 10:45:00"
  },
  {
    "value": 1060.0,
    "sim_clock": "2020-01-01 10:45:30"
  },
  {
    "value": 1061.0,
    "sim_clock": "2020-01-01 10:46:00"
  },
  {
    "value": 1064.0,
    "sim_clock": "2020-01-01 10:46:30"
  },
  {
    "value": 1067.0,
    "sim_clock": "2020-01-01 10:47:00"
  },
  {
    "value": 1070.0,
    "sim_clock": "2020-01-01 10:47:30"
  },
  {
    "value": 1076.0,
    "sim_clock": "2020-01-01 10:48:00"
  },
  {
    "value": 1079.0,
    "sim_clock": "2020-01-01 10:48:30"
  },
  {
    "value": 1082.0,
    "sim_clock": "2020-01-01 10:49:00"
  },
  {
    "value": 1089.0,
    "sim_clock": "2020-01-01 10:49:30"
  },
  {
    "value": 1092.0,
    "sim_clock": "2020-01-01 10:50:00"
  },
  {
    "value": 1096.0,
    "sim_clock": "2020-01-01 10:50:30"
  },
  {
    "value": 1102.0,
    "sim_clock": "2020-01-01 10:51:00"
  },
  {
    "value": 1104.0,
    "sim_clock": "2020-01-01 10:51:30"
  },
  {
    "value": 1107.0,
    "sim_clock": "2020-01-01 10:52:00"
  },
  {
    "value": 1111.0,
    "sim_clock": "2020-01-01 10:52:30"
  },
  {
    "value": 1111.0,
    "sim_clock": "2020-01-01 10:53:00"
  },
  {
    "value": 1116.0,
    "sim_clock": "2020-01-01 10:53:30"
  },
  {
    "value": 1119.0,
    "sim_clock": "2020-01-01 10:54:00"
  },
  {
    "value": 1122.0,
    "sim_clock": "2020-01-01 10:54:30"
  },
  {
    "value": 1127.0,
    "sim_clock": "2020-01-01 10:55:00"
  },
  {
    "value": 1131.0,
    "sim_clock": "2020-01-01 10:55:30"
  },
  {
    "value": 1135.0,
    "sim_clock": "2020-01-01 10:56:00"
  },
  {
    "value": 1136.0,
    "sim_clock": "2020-01-01 10:56:30"
  },
  {
    "value": 1139.0,
    "sim_clock": "2020-01-01 10:57:00"
  },
  {
    "value": 1140.0,
    "sim_clock": "2020-01-01 10:57:30"
  },
  {
    "value": 1143.0,
    "sim_clock": "2020-01-01 10:58:00"
  },
  {
    "value": 1148.0,
    "sim_clock": "2020-01-01 10:58:30"
  },
  {
    "value": 1152.0,
    "sim_clock": "2020-01-01 10:59:00"
  },
  {
    "value": 1156.0,
    "sim_clock": "2020-01-01 10:59:30"
  },
  {
    "value": 1159.0,
    "sim_clock": "2020-01-01 11:00:00"
  },
  {
    "value": 1162.0,
    "sim_clock": "2020-01-01 11:00:30"
  },
  {
    "value": 1170.0,
    "sim_clock": "2020-01-01 11:01:00"
  },
  {
    "value": 1174.0,
    "sim_clock": "2020-01-01 11:01:30"
  },
  {
    "value": 1178.0,
    "sim_clock": "2020-01-01 11:02:00"
  },
  {
    "value": 1180.0,
    "sim_clock": "2020-01-01 11:02:30"
  },
  {
    "value": 1182.0,
    "sim_clock": "2020-01-01 11:03:00"
  },
  {
    "value": 1186.0,
    "sim_clock": "2020-01-01 11:03:30"
  },
  {
    "value": 1187.0,
    "sim_clock": "2020-01-01 11:04:00"
  },
  {
    "value": 1188.0,
    "sim_clock": "2020-01-01 11:04:30"
  },
  {
    "value": 1189.0,
    "sim_clock": "2020-01-01 11:05:00"
  },
  {
    "value": 1193.0,
    "sim_clock": "2020-01-01 11:05:30"
  },
  {
    "value": 1197.0,
    "sim_clock": "2020-01-01 11:06:00"
  },
  {
    "value": 1200.0,
    "sim_clock": "2020-01-01 11:06:30"
  },
  {
    "value": 1203.0,
    "sim_clock": "2020-01-01 11:07:00"
  },
  {
    "value": 1207.0,
    "sim_clock": "2020-01-01 11:07:30"
  },
  {
    "value": 1208.0,
    "sim_clock": "2020-01-01 11:08:00"
  },
  {
    "value": 1210.0,
    "sim_clock": "2020-01-01 11:08:30"
  },
  {
    "value": 1214.0,
    "sim_clock": "2020-01-01 11:09:00"
  },
  {
    "value": 1216.0,
    "sim_clock": "2020-01-01 11:09:30"
  },
  {
    "value": 1221.0,
    "sim_clock": "2020-01-01 11:10:00"
  },
  {
    "value": 1226.0,
    "sim_clock": "2020-01-01 11:10:30"
  },
  {
    "value": 1227.0,
    "sim_clock": "2020-01-01 11:11:00"
  },
  {
    "value": 1231.0,
    "sim_clock": "2020-01-01 11:11:30"
  },
  {
    "value": 1237.0,
    "sim_clock": "2020-01-01 11:12:00"
  },
  {
    "value": 1239.0,
    "sim_clock": "2020-01-01 11:12:30"
  },
  {
    "value": 1243.0,
    "sim_clock": "2020-01-01 11:13:00"
  },
  {
    "value": 1250.0,
    "sim_clock": "2020-01-01 11:13:30"
  },
  {
    "value": 1254.0,
    "sim_clock": "2020-01-01 11:14:00"
  },
  {
    "value": 1261.0,
    "sim_clock": "2020-01-01 11:14:30"
  },
  {
    "value": 1267.0,
    "sim_clock": "2020-01-01 11:15:00"
  },
  {
    "value": 1268.0,
    "sim_clock": "2020-01-01 11:15:30"
  },
  {
    "value": 1274.0,
    "sim_clock": "2020-01-01 11:16:00"
  },
  {
    "value": 1279.0,
    "sim_clock": "2020-01-01 11:16:30"
  },
  {
    "value": 1279.0,
    "sim_clock": "2020-01-01 11:17:00"
  },
  {
    "value": 1283.0,
    "sim_clock": "2020-01-01 11:17:30"
  },
  {
    "value": 1286.0,
    "sim_clock": "2020-01-01 11:18:00"
  },
  {
    "value": 1288.0,
    "sim_clock": "2020-01-01 11:18:30"
  },
  {
    "value": 1291.0,
    "sim_clock": "2020-01-01 11:19:00"
  },
  {
    "value": 1293.0,
    "sim_clock": "2020-01-01 11:19:30"
  },
  {
    "value": 1298.0,
    "sim_clock": "2020-01-01 11:20:00"
  },
  {
    "value": 1299.0,
    "sim_clock": "2020-01-01 11:20:30"
  },
  {
    "value": 1305.0,
    "sim_clock": "2020-01-01 11:21:00"
  },
  {
    "value": 1307.0,
    "sim_clock": "2020-01-01 11:21:30"
  },
  {
    "value": 1313.0,
    "sim_clock": "2020-01-01 11:22:00"
  },
  {
    "value": 1316.0,
    "sim_clock": "2020-01-01 11:22:30"
  },
  {
    "value": 1318.0,
    "sim_clock": "2020-01-01 11:23:00"
  },
  {
    "value": 1324.0,
    "sim_clock": "2020-01-01 11:23:30"
  },
  {
    "value": 1326.0,
    "sim_clock": "2020-01-01 11:24:00"
  },
  {
    "value": 1327.0,
    "sim_clock": "2020-01-01 11:24:30"
  },
  {
    "value": 1334.0,
    "sim_clock": "2020-01-01 11:25:00"
  },
  {
    "value": 1338.0,
    "sim_clock": "2020-01-01 11:25:30"
  },
  {
    "value": 1342.0,
    "sim_clock": "2020-01-01 11:26:00"
  },
  {
    "value": 1344.0,
    "sim_clock": "2020-01-01 11:26:30"
  },
  {
    "value": 1346.0,
    "sim_clock": "2020-01-01 11:27:00"
  },
  {
    "value": 1350.0,
    "sim_clock": "2020-01-01 11:27:30"
  },
  {
    "value": 1355.0,
    "sim_clock": "2020-01-01 11:28:00"
  },
  {
    "value": 1357.0,
    "sim_clock": "2020-01-01 11:28:30"
  },
  {
    "value": 1362.0,
    "sim_clock": "2020-01-01 11:29:00"
  },
  {
    "value": 1365.0,
    "sim_clock": "2020-01-01 11:29:30"
  },
  {
    "value": 1367.0,
    "sim_clock": "2020-01-01 11:30:00"
  },
  {
    "value": 1370.0,
    "sim_clock": "2020-01-01 11:30:30"
  },
  {
    "value": 1372.0,
    "sim_clock": "2020-01-01 11:31:00"
  },
  {
    "value": 1376.0,
    "sim_clock": "2020-01-01 11:31:30"
  },
  {
    "value": 1382.0,
    "sim_clock": "2020-01-01 11:32:00"
  },
  {
    "value": 1384.0,
    "sim_clock": "2020-01-01 11:32:30"
  },
  {
    "value": 1387.0,
    "sim_clock": "2020-01-01 11:33:00"
  },
  {
    "value": 1389.0,
    "sim_clock": "2020-01-01 11:33:30"
  },
  {
    "value": 1393.0,
    "sim_clock": "2020-01-01 11:34:00"
  },
  {
    "value": 1394.0,
    "sim_clock": "2020-01-01 11:34:30"
  },
  {
    "value": 1402.0,
    "sim_clock": "2020-01-01 11:35:00"
  },
  {
    "value": 1407.0,
    "sim_clock": "2020-01-01 11:35:30"
  },
  {
    "value": 1408.0,
    "sim_clock": "2020-01-01 11:36:00"
  },
  {
    "value": 1409.0,
    "sim_clock": "2020-01-01 11:36:30"
  },
  {
    "value": 1413.0,
    "sim_clock": "2020-01-01 11:37:00"
  },
  {
    "value": 1416.0,
    "sim_clock": "2020-01-01 11:37:30"
  },
  {
    "value": 1424.0,
    "sim_clock": "2020-01-01 11:38:00"
  },
  {
    "value": 1425.0,
    "sim_clock": "2020-01-01 11:38:30"
  },
  {
    "value": 1425.0,
    "sim_clock": "2020-01-01 11:39:00"
  },
  {
    "value": 1428.0,
    "sim_clock": "2020-01-01 11:39:30"
  },
  {
    "value": 1431.0,
    "sim_clock": "2020-01-01 11:40:00"
  },
  {
    "value": 1435.0,
    "sim_clock": "2020-01-01 11:40:30"
  },
  {
    "value": 1437.0,
    "sim_clock": "2020-01-01 11:41:00"
  },
  {
    "value": 1441.0,
    "sim_clock": "2020-01-01 11:41:30"
  },
  {
    "value": 1445.0,
    "sim_clock": "2020-01-01 11:42:00"
  },
  {
    "value": 1447.0,
    "sim_clock": "2020-01-01 11:42:30"
  },
  {
    "value": 1450.0,
    "sim_clock": "2020-01-01 11:43:00"
  },
  {
    "value": 1451.0,
    "sim_clock": "2020-01-01 11:43:30"
  },
  {
    "value": 1453.0,
    "sim_clock": "2020-01-01 11:44:00"
  },
  {
    "value": 1459.0,
    "sim_clock": "2020-01-01 11:44:30"
  },
  {
    "value": 1460.0,
    "sim_clock": "2020-01-01 11:45:00"
  },
  {
    "value": 1466.0,
    "sim_clock": "2020-01-01 11:45:30"
  },
  {
    "value": 1476.0,
    "sim_clock": "2020-01-01 11:46:00"
  },
  {
    "value": 1478.0,
    "sim_clock": "2020-01-01 11:46:30"
  },
  {
    "value": 1485.0,
    "sim_clock": "2020-01-01 11:47:00"
  },
  {
    "value": 1488.0,
    "sim_clock": "2020-01-01 11:47:30"
  },
  {
    "value": 1489.0,
    "sim_clock": "2020-01-01 11:48:00"
  },
  {
    "value": 1491.0,
    "sim_clock": "2020-01-01 11:48:30"
  },
  {
    "value": 1495.0,
    "sim_clock": "2020-01-01 11:49:00"
  },
  {
    "value": 1497.0,
    "sim_clock": "2020-01-01 11:49:30"
  },
  {
    "value": 1504.0,
    "sim_clock": "2020-01-01 11:50:00"
  },
  {
    "value": 1507.0,
    "sim_clock": "2020-01-01 11:50:30"
  },
  {
    "value": 1511.0,
    "sim_clock": "2020-01-01 11:51:00"
  },
  {
    "value": 1516.0,
    "sim_clock": "2020-01-01 11:51:30"
  },
  {
    "value": 1516.0,
    "sim_clock": "2020-01-01 11:52:00"
  },
  {
    "value": 1521.0,
    "sim_clock": "2020-01-01 11:52:30"
  },
  {
    "value": 1521.0,
    "sim_clock": "2020-01-01 11:53:00"
  },
  {
    "value": 1523.0,
    "sim_clock": "2020-01-01 11:53:30"
  },
  {
    "value": 1526.0,
    "sim_clock": "2020-01-01 11:54:00"
  },
  {
    "value": 1529.0,
    "sim_clock": "2020-01-01 11:54:30"
  },
  {
    "value": 1531.0,
    "sim_clock": "2020-01-01 11:55:00"
  },
  {
    "value": 1535.0,
    "sim_clock": "2020-01-01 11:55:30"
  },
  {
    "value": 1535.0,
    "sim_clock": "2020-01-01 11:56:00"
  },
  {
    "value": 1539.0,
    "sim_clock": "2020-01-01 11:56:30"
  },
  {
    "value": 1542.0,
    "sim_clock": "2020-01-01 11:57:00"
  },
  {
    "value": 1545.0,
    "sim_clock": "2020-01-01 11:57:30"
  },
  {
    "value": 1546.0,
    "sim_clock": "2020-01-01 11:58:00"
  },
  {
    "value": 1551.0,
    "sim_clock": "2020-01-01 11:58:30"
  },
  {
    "value": 1552.0,
    "sim_clock": "2020-01-01 11:59:00"
  },
  {
    "value": 1552.0,
    "sim_clock": "2020-01-01 11:59:30"
  }
]