[
  {
    "value": NaN,
    "sim_clock": "2020-01-01 08:00:00"
  },
  {
    "value": NaN,
    "sim_clock": "2020-01-01 08:00:30"
  },
  {
    "value": NaN,
    "sim_clock": "2020-01-01 08:01:00"
  },
  {
    "value": NaN,
    "sim_clock": "2020-01-01 08:01:30"
  },
  {
    "value": NaN,
    "sim_clock": "2020-01-01 08:02:00"
  },
  {
    "value": NaN,
    "sim_clock": "2020-01-01 08:02:30"
  },
  {
    "value": NaN,
    "sim_clock": "2020-01-01 08:03:00"
  },
  {
    "value": NaN,
    "sim_clock": "2020-01-01 08:03:30"
  },
  {
    "value": NaN,
    "sim_clock": "2020-01-01 08:04:00"
  },
  {
    "value": NaN,
    "sim_clock": "2020-01-01 08:04:30"
  },
  {
    "value": NaN,
    "sim_clock": "2020-01-01 08:05:00"
  },
  {
    "value": NaN,
    "sim_clock": "2020-01-01 08:05:30"
  },
  {
    "value": 0.0,
    "sim_clock": "2020-01-01 08:06:00"
  },
  {
    "value": 0.0,
    "sim_clock": "2020-01-01 08:06:30"
  },
  {
    "value": 0.0,
    "sim_clock": "2020-01-01 08:07:00"
  },
  {
    "value": 0.0,
    "sim_clock": "2020-01-01 08:07:30"
  },
  {
    "value": 0.0,
    "sim_clock": "2020-01-01 08:08:00"
  },
  {
    "value": 0.0,
    "sim_clock": "2020-01-01 08:08:30"
  },
  {
    "value": 0.0,
    "sim_clock": "2020-01-01 08:09:00"
  },
  {
    "value": 0.0,
    "sim_clock": "2020-01-01 08:09:30"
  },
  {
    "value": 15.0,
    "sim_clock": "2020-01-01 08:10:00"
  },
  {
    "value": 10.0,
    "sim_clock": "2020-01-01 08:10:30"
  },
  {
    "value": 24.0,
    "sim_clock": "2020-01-01 08:11:00"
  },
  {
    "value": 20.0,
    "sim_clock": "2020-01-01 08:11:30"
  },
  {
    "value": 35.0,
    "sim_clock": "2020-01-01 08:12:00"
  },
  {
    "value": 35.21739130434783,
    "sim_clock": "2020-01-01 08:12:30"
  },
  {
    "value": 31.153846153846153,
    "sim_clock": "2020-01-01 08:13:00"
  },
  {
    "value": 31.93548387096774,
    "sim_clock": "2020-01-01 08:13:30"
  },
  {
    "value": 31.875,
    "sim_clock": "2020-01-01 08:14:00"
  },
  {
    "value": 30.0,
    "sim_clock": "2020-01-01 08:14:30"
  },
  {
    "value": 30.0,
    "sim_clock": "2020-01-01 08:15:00"
  },
  {
    "value": 31.363636363636363,
    "sim_clock": "2020-01-01 08:15:30"
  },
  {
    "value": 28.75,
    "sim_clock": "2020-01-01 08:16:00"
  },
  {
    "value": 26.53846153846154,
    "sim_clock": "2020-01-01 08:16:30"
  },
  {
    "value": 27.818181818181817,
    "sim_clock": "2020-01-01 08:17:00"
  },
  {
    "value": 27.321428571428573,
    "sim_clock": "2020-01-01 08:17:30"
  },
  {
    "value": 28.0,
    "sim_clock": "2020-01-01 08:18:00"
  },
  {
    "value": 30.90909090909091,
    "sim_clock": "2020-01-01 08:18:30"
  },
  {
    "value": 29.142857142857142,
    "sim_clock": "2020-01-01 08:19:00"
  },
  {
    "value": 26.842105263157894,
    "sim_clock": "2020-01-01 08:19:30"
  },
  {
    "value": 26.883116883116884,
    "sim_clock": "2020-01-01 08:20:00"
  },
  {
    "value": 25.714285714285715,
    "sim_clock": "2020-01-01 08:20:30"
  },
  {
    "value": 25.806451612903224,
    "sim_clock": "2020-01-01 08:21:00"
  },
  {
    "value": 24.742268041237114,
    "sim_clock": "2020-01-01 08:21:30"
  },
  {
    "value": 25.247524752475247,
    "sim_clock": "2020-01-01 08:22:00"
  },
  {
    "value": 26.454545454545453,
    "sim_clock": "2020-01-01 08:22:30"
  },
  {
    "value": 25.75221238938053,
    "sim_clock": "2020-01-01 08:23:00"
  },
  {
    "value": 25.82608695652174,
    "sim_clock": "2020-01-01 08:23:30"
  },
  {
    "value": 26.03305785123967,
    "sim_clock": "2020-01-01 08:24:00"
  },
  {
    "value": 25.609756097560975,
    "sim_clock": "2020-01-01 08:24:30"
  },
  {
    "value": 25.153846153846153,
    "sim_clock": "2020-01-01 08:25:00"
  },
  {
    "value": 25.263157894736842,
    "sim_clock": "2020-01-01 08:25:30"
  },
  {
    "value": 25.869565217391305,
    "sim_clock": "2020-01-01 08:26:00"
  },
  {
    "value": 25.319148936170212,
    "sim_clock": "2020-01-01 08:26:30"
  },
  {
    "value": 27.346938775510203,
    "sim_clock": "2020-01-01 08:27:00"
  },
  {
    "value": 28.81578947368421,
    "sim_clock": "2020-01-01 08:27:30"
  },
  {
    "value": 28.441558441558442,
    "sim_clock": "2020-01-01 08:28:00"
  },
  {
    "value": 28.076923076923077,
    "sim_clock": "2020-01-01 08:28:30"
  },
  {
    "value": 28.67924528301887,
    "sim_clock": "2020-01-01 08:29:00"
  },
  {
    "value": 28.353658536585368,
    "sim_clock": "2020-01-01 08:29:30"
  },
  {
    "value": 27.857142857142858,
    "sim_clock": "2020-01-01 08:30:00"
  },
  {
    "value": 28.235294117647058,
    "sim_clock": "2020-01-01 08:30:30"
  },
  {
    "value": 28.430232558139537,
    "sim_clock": "2020-01-01 08:31:00"
  },
  {
    "value": 28.430232558139537,
    "sim_clock": "2020-01-01 08:31:30"
  },
  {
    "value": 28.103448275862068,
    "sim_clock": "2020-01-01 08:32:00"
  },
  {
    "value": 28.011049723756905,
    "sim_clock": "2020-01-01 08:32:30"
  },
  {
    "value": 28.54054054054054,
    "sim_clock": "2020-01-01 08:33:00"
  },
  {
    "value": 28.571428571428573,
    "sim_clock": "2020-01-01 08:33:30"
  },
  {
    "value": 29.68586387434555,
    "sim_clock": "2020-01-01 08:34:00"
  },
  {
    "value": 29.84536082474227,
    "sim_clock": "2020-01-01 08:34:30"
  },
  {
    "value": 29.84536082474227,
    "sim_clock": "2020-01-01 08:35:00"
  },
  {
    "value": 33.03030303030303,
    "sim_clock": "2020-01-01 08:35:30"
  },
  {
    "value": 32.524752475247524,
    "sim_clock": "2020-01-01 08:36:00"
  },
  {
    "value": 35.970873786407765,
    "sim_clock": "2020-01-01 08:36:30"
  },
  {
    "value": 35.79710144927536,
    "sim_clock": "2020-01-01 08:37:00"
  },
  {
    "value": 36.52777777777778,
    "sim_clock": "2020-01-01 08:37:30"
  },
  {
    "value": 36.40909090909091,
    "sim_clock": "2020-01-01 08:38:00"
  },
  {
    "value": 36.244343891402714,
    "sim_clock": "2020-01-01 08:38:30"
  },
  {
    "value": 36.5625,
    "sim_clock": "2020-01-01 08:39:00"
  },
  {
    "value": 37.83185840707964,
    "sim_clock": "2020-01-01 08:39:30"
  },
  {
    "value": 37.66519823788546,
    "sim_clock": "2020-01-01 08:40:00"
  },
  {
    "value": 38.777292576419214,
    "sim_clock": "2020-01-01 08:40:30"
  },
  {
    "value": 39.27038626609442,
    "sim_clock": "2020-01-01 08:41:00"
  },
  {
    "value": 39.1025641025641,
    "sim_clock": "2020-01-01 08:41:30"
  },
  {
    "value": 40.875,
    "sim_clock": "2020-01-01 08:42:00"
  },
  {
    "value": 42.396694214876035,
    "sim_clock": "2020-01-01 08:42:30"
  },
  {
    "value": 43.95061728395062,
    "sim_clock": "2020-01-01 08:43:00"
  },
  {
    "value": 49.19028340080972,
    "sim_clock": "2020-01-01 08:43:30"
  },
  {
    "value": 50.91633466135458,
    "sim_clock": "2020-01-01 08:44:00"
  },
  {
    "value": 54.8235294117647,
    "sim_clock": "2020-01-01 08:44:30"
  },
  {
    "value": 55.78125,
    "sim_clock": "2020-01-01 08:45:00"
  },
  {
    "value": 55.91439688715953,
    "sim_clock": "2020-01-01 08:45:30"
  },
  {
    "value": 57.70992366412214,
    "sim_clock": "2020-01-01 08:46:00"
  },
  {
    "value": 57.27272727272727,
    "sim_clock": "2020-01-01 08:46:30"
  },
  {
    "value": 59.661654135338345,
    "sim_clock": "2020-01-01 08:47:00"
  },
  {
    "value": 59.438202247191015,
    "sim_clock": "2020-01-01 08:47:30"
  },
  {
    "value": 61.22222222222222,
    "sim_clock": "2020-01-01 08:48:00"
  },
  {
    "value": 63.2967032967033,
    "sim_clock": "2020-01-01 08:48:30"
  },
  {
    "value": 64.23913043478261,
    "sim_clock": "2020-01-01 08:49:00"
  },
  {
    "value": 65.53191489361703,
    "sim_clock": "2020-01-01 08:49:30"
  },
  {
    "value": 65.57894736842105,
    "sim_clock": "2020-01-01 08:50:00"
  },
  {
    "value": 66.53979238754326,
    "sim_clock": "2020-01-01 08:50:30"
  },
  {
    "value": 67.32203389830508,
    "sim_clock": "2020-01-01 08:51:00"
  },
  {
    "value": 68.98989898989899,
    "sim_clock": "2020-01-01 08:51:30"
  },
  {
    "value": 69.93311036789298,
    "sim_clock": "2020-01-01 08:52:00"
  },
  {
    "value": 71.84210526315789,
    "sim_clock": "2020-01-01 08:52:30"
  },
  {
    "value": 73.23529411764706,
    "sim_clock": "2020-01-01 08:53:00"
  },
  {
    "value": 73.21543408360128,
    "sim_clock": "2020-01-01 08:53:30"
  },
  {
    "value": 74.28115015974441,
    "sim_clock": "2020-01-01 08:54:00"
  },
  {
    "value": 75.0,
    "sim_clock": "2020-01-01 08:54:30"
  },
  {
    "value": 76.58385093167702,
    "sim_clock": "2020-01-01 08:55:00"
  },
  {
    "value": 76.9969040247678,
    "sim_clock": "2020-01-01 08:55:30"
  },
  {
    "value": 77.12962962962963,
    "sim_clock": "2020-01-01 08:56:00"
  },
  {
    "value": 81.06382978723404,
    "sim_clock": "2020-01-01 08:56:30"
  },
  {
    "value": 83.08383233532935,
    "sim_clock": "2020-01-01 08:57:00"
  },
  {
    "value": 83.05637982195846,
    "sim_clock": "2020-01-01 08:57:30"
  },
  {
    "value": 84.36950146627566,
    "sim_clock": "2020-01-01 08:58:00"
  },
  {
    "value": 86.62824207492795,
    "sim_clock": "2020-01-01 08:58:30"
  },
  {
    "value": 86.62824207492795,
    "sim_clock": "2020-01-01 08:59:00"
  },
  {
    "value": 87.6,
    "sim_clock": "2020-01-01 08:59:30"
  },
  {
    "value": 88.30028328611898,
    "sim_clock": "2020-01-01 09:00:00"
  },
  {
    "value": 88.41666666666667,
    "sim_clock": "2020-01-01 09:00:30"
  },
  {
    "value": 88.41666666666667,
    "sim_clock": "2020-01-01 09:01:00"
  },
  {
    "value": 88.34254143646409,
    "sim_clock": "2020-01-01 09:01:30"
  },
  {
    "value": 88.76712328767124,
    "sim_clock": "2020-01-01 09:02:00"
  },
  {
    "value": 89.26829268292683,
    "sim_clock": "2020-01-01 09:02:30"
  },
  {
    "value": 89.67567567567568,
    "sim_clock": "2020-01-01 09:03:00"
  },
  {
    "value": 89.51482479784367,
    "sim_clock": "2020-01-01 09:03:30"
  },
  {
    "value": 88.32446808510639,
    "sim_clock": "2020-01-01 09:04:00"
  },
  {
    "value": 88.16976127320955,
    "sim_clock": "2020-01-01 09:04:30"
  },
  {
    "value": 88.10526315789474,
    "sim_clock": "2020-01-01 09:05:00"
  },
  {
    "value": 88.515625,
    "sim_clock": "2020-01-01 09:05:30"
  },
  {
    "value": 87.90697674418605,
    "sim_clock": "2020-01-01 09:06:00"
  },
  {
    "value": 89.15384615384616,
    "sim_clock": "2020-01-01 09:06:30"
  },
  {
    "value": 89.38618925831202,
    "sim_clock": "2020-01-01 09:07:00"
  },
  {
    "value": 88.85786802030456,
    "sim_clock": "2020-01-01 09:07:30"
  },
  {
    "value": 89.55334987593052,
    "sim_clock": "2020-01-01 09:08:00"
  },
  {
    "value": 89.48148148148148,
    "sim_clock": "2020-01-01 09:08:30"
  },
  {
    "value": 89.9273607748184,
    "sim_clock": "2020-01-01 09:09:00"
  },
  {
    "value": 91.28878281622912,
    "sim_clock": "2020-01-01 09:09:30"
  },
  {
    "value": 92.07142857142857,
    "sim_clock": "2020-01-01 09:10:00"
  },
  {
    "value": 91.85273159144893,
    "sim_clock": "2020-01-01 09:10:30"
  },
  {
    "value": 91.85273159144893,
    "sim_clock": "2020-01-01 09:11:00"
  },
  {
    "value": 92.74647887323944,
    "sim_clock": "2020-01-01 09:11:30"
  },
  {
    "value": 92.5233644859813,
    "sim_clock": "2020-01-01 09:12:00"
  },
  {
    "value": 92.22737819025522,
    "sim_clock": "2020-01-01 09:12:30"
  },
  {
    "value": 91.93995381062355,
    "sim_clock": "2020-01-01 09:13:00"
  },
  {
    "value": 93.1651376146789,
    "sim_clock": "2020-01-01 09:13:30"
  },
  {
    "value": 93.06818181818181,
    "sim_clock": "2020-01-01 09:14:00"
  },
  {
    "value": 92.70880361173815,
    "sim_clock": "2020-01-01 09:14:30"
  },
  {
    "value": 92.21476510067114,
    "sim_clock": "2020-01-01 09:15:00"
  },
  {
    "value": 92.92682926829268,
    "sim_clock": "2020-01-01 09:15:30"
  },
  {
    "value": 93.2967032967033,
    "sim_clock": "2020-01-01 09:16:00"
  },
  {
    "value": 93.52941176470588,
    "sim_clock": "2020-01-01 09:16:30"
  },
  {
    "value": 93.57917570498915,
    "sim_clock": "2020-01-01 09:17:00"
  },
  {
    "value": 93.23275862068965,
    "sim_clock": "2020-01-01 09:17:30"
  },
  {
    "value": 93.02575107296137,
    "sim_clock": "2020-01-01 09:18:00"
  },
  {
    "value": 94.34042553191489,
    "sim_clock": "2020-01-01 09:18:30"
  },
  {
    "value": 93.77358490566037,
    "sim_clock": "2020-01-01 09:19:00"
  },
  {
    "value": 94.44676409185804,
    "sim_clock": "2020-01-01 09:19:30"
  },
  {
    "value": 93.92116182572614,
    "sim_clock": "2020-01-01 09:20:00"
  },
  {
    "value": 94.0909090909091,
    "sim_clock": "2020-01-01 09:20:30"
  },
  {
    "value": 93.88888888888889,
    "sim_clock": "2020-01-01 09:21:00"
  },
  {
    "value": 96.98380566801619,
    "sim_clock": "2020-01-01 09:21:30"
  },
  {
    "value": 97.18562874251496,
    "sim_clock": "2020-01-01 09:22:00"
  },
  {
    "value": 96.91848906560637,
    "sim_clock": "2020-01-01 09:22:30"
  },
  {
    "value": 96.91848906560637,
    "sim_clock": "2020-01-01 09:23:00"
  },
  {
    "value": 97.6923076923077,
    "sim_clock": "2020-01-01 09:23:30"
  },
  {
    "value": 97.27984344422701,
    "sim_clock": "2020-01-01 09:24:00"
  },
  {
    "value": 97.27984344422701,
    "sim_clock": "2020-01-01 09:24:30"
  },
  {
    "value": 97.42690058479532,
    "sim_clock": "2020-01-01 09:25:00"
  },
  {
    "value": 97.13733075435204,
    "sim_clock": "2020-01-01 09:25:30"
  },
  {
    "value": 96.60919540229885,
    "sim_clock": "2020-01-01 09:26:00"
  },
  {
    "value": 96.787072243346,
    "sim_clock": "2020-01-01 09:26:30"
  },
  {
    "value": 96.42857142857143,
    "sim_clock": "2020-01-01 09:27:00"
  },
  {
    "value": 96.95327102803738,
    "sim_clock": "2020-01-01 09:27:30"
  },
  {
    "value": 97.20670391061452,
    "sim_clock": "2020-01-01 09:28:00"
  },
  {
    "value": 97.13754646840148,
    "sim_clock": "2020-01-01 09:28:30"
  },
  {
    "value": 96.89338235294117,
    "sim_clock": "2020-01-01 09:29:00"
  },
  {
    "value": 97.00729927007299,
    "sim_clock": "2020-01-01 09:29:30"
  },
  {
    "value": 97.02359346642469,
    "sim_clock": "2020-01-01 09:30:00"
  },
  {
    "value": 97.05244122965642,
    "sim_clock": "2020-01-01 09:30:30"
  },
  {
    "value": 97.4326750448833,
    "sim_clock": "2020-01-01 09:31:00"
  },
  {
    "value": 97.92857142857143,
    "sim_clock": "2020-01-01 09:31:30"
  },
  {
    "value": 98.4424778761062,
    "sim_clock": "2020-01-01 09:32:00"
  },
  {
    "value": 98.97887323943662,
    "sim_clock": "2020-01-01 09:32:30"
  },
  {
    "value": 99.4045534150613,
    "sim_clock": "2020-01-01 09:33:00"
  },
  {
    "value": 99.09407665505226,
    "sim_clock": "2020-01-01 09:33:30"
  },
  {
    "value": 98.92173913043479,
    "sim_clock": "2020-01-01 09:34:00"
  },
  {
    "value": 98.88123924268503,
    "sim_clock": "2020-01-01 09:34:30"
  },
  {
    "value": 98.88123924268503,
    "sim_clock": "2020-01-01 09:35:00"
  },
  {
    "value": 99.14383561643835,
    "sim_clock": "2020-01-01 09:35:30"
  },
  {
    "value": 99.28571428571429,
    "sim_clock": "2020-01-01 09:36:00"
  },
  {
    "value": 99.35919055649241,
    "sim_clock": "2020-01-01 09:36:30"
  },
  {
    "value": 99.2,
    "sim_clock": "2020-01-01 09:37:00"
  },
  {
    "value": 98.69205298013244,
    "sim_clock": "2020-01-01 09:37:30"
  },
  {
    "value": 99.01477832512315,
    "sim_clock": "2020-01-01 09:38:00"
  },
  {
    "value": 99.67266775777414,
    "sim_clock": "2020-01-01 09:38:30"
  },
  {
    "value": 99.95098039215686,
    "sim_clock": "2020-01-01 09:39:00"
  },
  {
    "value": 100.0326264274062,
    "sim_clock": "2020-01-01 09:39:30"
  },
  {
    "value": 99.85436893203884,
    "sim_clock": "2020-01-01 09:40:00"
  },
  {
    "value": 99.983922829582,
    "sim_clock": "2020-01-01 09:40:30"
  },
  {
    "value": 102.01907790143085,
    "sim_clock": "2020-01-01 09:41:00"
  },
  {
    "value": 102.01907790143085,
    "sim_clock": "2020-01-01 09:41:30"
  },
  {
    "value": 102.4367088607595,
    "sim_clock": "2020-01-01 09:42:00"
  },
  {
    "value": 102.3696682464455,
    "sim_clock": "2020-01-01 09:42:30"
  },
  {
    "value": 102.71585557299844,
    "sim_clock": "2020-01-01 09:43:00"
  },
  {
    "value": 103.50467289719626,
    "sim_clock": "2020-01-01 09:43:30"
  },
  {
    "value": 103.51393188854489,
    "sim_clock": "2020-01-01 09:44:00"
  },
  {
    "value": 103.86748844375963,
    "sim_clock": "2020-01-01 09:44:30"
  },
  {
    "value": 103.98461538461538,
    "sim_clock": "2020-01-01 09:45:00"
  },
  {
    "value": 104.88584474885845,
    "sim_clock": "2020-01-01 09:45:30"
  },
  {
    "value": 106.13636363636364,
    "sim_clock": "2020-01-01 09:46:00"
  },
  {
    "value": 108.67669172932331,
    "sim_clock": "2020-01-01 09:46:30"
  },
  {
    "value": 108.86736214605067,
    "sim_clock": "2020-01-01 09:47:00"
  },
  {
    "value": 109.05044510385757,
    "sim_clock": "2020-01-01 09:47:30"
  },
  {
    "value": 109.54209748892171,
    "sim_clock": "2020-01-01 09:48:00"
  },
  {
    "value": 110.50073637702504,
    "sim_clock": "2020-01-01 09:48:30"
  },
  {
    "value": 111.44736842105263,
    "sim_clock": "2020-01-01 09:49:00"
  },
  {
    "value": 112.08454810495627,
    "sim_clock": "2020-01-01 09:49:30"
  },
  {
    "value": 113.32369942196532,
    "sim_clock": "2020-01-01 09:50:00"
  },
  {
    "value": 113.13669064748201,
    "sim_clock": "2020-01-01 09:50:30"
  },
  {
    "value": 113.3810888252149,
    "sim_clock": "2020-01-01 09:51:00"
  },
  {
    "value": 114.13694721825964,
    "sim_clock": "2020-01-01 09:51:30"
  },
  {
    "value": 113.9402560455192,
    "sim_clock": "2020-01-01 09:52:00"
  },
  {
    "value": 114.17021276595744,
    "sim_clock": "2020-01-01 09:52:30"
  },
  {
    "value": 115.13399153737659,
    "sim_clock": "2020-01-01 09:53:00"
  },
  {
    "value": 115.61181434599156,
    "sim_clock": "2020-01-01 09:53:30"
  },
  {
    "value": 116.00280504908837,
    "sim_clock": "2020-01-01 09:54:00"
  },
  {
    "value": 115.96638655462185,
    "sim_clock": "2020-01-01 09:54:30"
  },
  {
    "value": 117.40947075208913,
    "sim_clock": "2020-01-01 09:55:00"
  },
  {
    "value": 117.37134909596662,
    "sim_clock": "2020-01-01 09:55:30"
  },
  {
    "value": 117.50346740638003,
    "sim_clock": "2020-01-01 09:56:00"
  },
  {
    "value": 118.29875518672199,
    "sim_clock": "2020-01-01 09:56:30"
  },
  {
    "value": 118.34710743801652,
    "sim_clock": "2020-01-01 09:57:00"
  },
  {
    "value": 118.76712328767124,
    "sim_clock": "2020-01-01 09:57:30"
  },
  {
    "value": 118.9329685362517,
    "sim_clock": "2020-01-01 09:58:00"
  },
  {
    "value": 118.90392422192151,
    "sim_clock": "2020-01-01 09:58:30"
  },
  {
    "value": 119.43472409152086,
    "sim_clock": "2020-01-01 09:59:00"
  },
  {
    "value": 121.04138851802404,
    "sim_clock": "2020-01-01 09:59:30"
  },
  {
    "value": 120.95872170439414,
    "sim_clock": "2020-01-01 10:00:00"
  },
  {
    "value": 122.21928665785997,
    "sim_clock": "2020-01-01 10:00:30"
  },
  {
    "value": 122.76679841897233,
    "sim_clock": "2020-01-01 10:01:00"
  },
  {
    "value": 123.7696335078534,
    "sim_clock": "2020-01-01 10:01:30"
  },
  {
    "value": 123.72549019607843,
    "sim_clock": "2020-01-01 10:02:00"
  },
  {
    "value": 123.70611183355007,
    "sim_clock": "2020-01-01 10:02:30"
  },
  {
    "value": 123.74025974025975,
    "sim_clock": "2020-01-01 10:03:00"
  },
  {
    "value": 123.57976653696498,
    "sim_clock": "2020-01-01 10:03:30"
  },
  {
    "value": 123.95860284605433,
    "sim_clock": "2020-01-01 10:04:00"
  },
  {
    "value": 124.17525773195877,
    "sim_clock": "2020-01-01 10:04:30"
  },
  {
    "value": 125.26923076923077,
    "sim_clock": "2020-01-01 10:05:00"
  },
  {
    "value": 126.7816091954023,
    "sim_clock": "2020-01-01 10:05:30"
  },
  {
    "value": 127.05209656925032,
    "sim_clock": "2020-01-01 10:06:00"
  },
  {
    "value": 126.80608365019012,
    "sim_clock": "2020-01-01 10:06:30"
  },
  {
    "value": 126.9873417721519,
    "sim_clock": "2020-01-01 10:07:00"
  },
  {
    "value": 127.90668348045398,
    "sim_clock": "2020-01-01 10:07:30"
  },
  {
    "value": 127.70676691729324,
    "sim_clock": "2020-01-01 10:08:00"
  },
  {
    "value": 128.09701492537314,
    "sim_clock": "2020-01-01 10:08:30"
  },
  {
    "value": 128.97022332506202,
    "sim_clock": "2020-01-01 10:09:00"
  },
  {
    "value": 129.15945611866502,
    "sim_clock": "2020-01-01 10:09:30"
  },
  {
    "value": 130.0,
    "sim_clock": "2020-01-01 10:10:00"
  },
  {
    "value": 130.39167686658507,
    "sim_clock": "2020-01-01 10:10:30"
  },
  {
    "value": 131.31386861313868,
    "sim_clock": "2020-01-01 10:11:00"
  },
  {
    "value": 131.94915254237287,
    "sim_clock": "2020-01-01 10:11:30"
  },
  {
    "value": 132.32530120481928,
    "sim_clock": "2020-01-01 10:12:00"
  },
  {
    "value": 132.87769784172662,
    "sim_clock": "2020-01-01 10:12:30"
  },
  {
    "value": 133.02631578947367,
    "sim_clock": "2020-01-01 10:13:00"
  },
  {
    "value": 133.28571428571428,
    "sim_clock": "2020-01-01 10:13:30"
  },
  {
    "value": 133.84341637010675,
    "sim_clock": "2020-01-01 10:14:00"
  },
  {
    "value": 134.8938679245283,
    "sim_clock": "2020-01-01 10:14:30"
  },
  {
    "value": 135.61547479484173,
    "sim_clock": "2020-01-01 10:15:00"
  },
  {
    "value": 135.33333333333334,
    "sim_clock": "2020-01-01 10:15:30"
  },
  {
    "value": 136.1136890951276,
    "sim_clock": "2020-01-01 10:16:00"
  },
  {
    "value": 136.48960739030022,
    "sim_clock": "2020-01-01 10:16:30"
  },
  {
    "value": 136.95051783659378,
    "sim_clock": "2020-01-01 10:17:00"
  },
  {
    "value": 137.30504587155963,
    "sim_clock": "2020-01-01 10:17:30"
  },
  {
    "value": 137.52,
    "sim_clock": "2020-01-01 10:18:00"
  },
  {
    "value": 137.52,
    "sim_clock": "2020-01-01 10:18:30"
  },
  {
    "value": 137.5626423690205,
    "sim_clock": "2020-01-01 10:19:00"
  },
  {
    "value": 137.30769230769232,
    "sim_clock": "2020-01-01 10:19:30"
  },
  {
    "value": 136.8432919954904,
    "sim_clock": "2020-01-01 10:20:00"
  },
  {
    "value": 136.97412823397076,
    "sim_clock": "2020-01-01 10:20:30"
  },
  {
    "value": 136.6629339305711,
    "sim_clock": "2020-01-01 10:21:00"
  },
  {
    "value": 136.75585284280936,
    "sim_clock": "2020-01-01 10:21:30"
  },
  {
    "value": 136.82926829268294,
    "sim_clock": "2020-01-01 10:22:00"
  },
  {
    "value": 137.92079207920793,
    "sim_clock": "2020-01-01 10:22:30"
  },
  {
    "value": 137.92079207920793,
    "sim_clock": "2020-01-01 10:23:00"
  },
  {
    "value": 137.84851811196486,
    "sim_clock": "2020-01-01 10:23:30"
  },
  {
    "value": 137.68558951965065,
    "sim_clock": "2020-01-01 10:24:00"
  },
  {
    "value": 137.7391304347826,
    "sim_clock": "2020-01-01 10:24:30"
  },
  {
    "value": 137.3889490790899,
    "sim_clock": "2020-01-01 10:25:00"
  },
  {
    "value": 137.69480519480518,
    "sim_clock": "2020-01-01 10:25:30"
  },
  {
    "value": 137.3974082073434,
    "sim_clock": "2020-01-01 10:26:00"
  },
  {
    "value": 137.6318622174381,
    "sim_clock": "2020-01-01 10:26:30"
  },
  {
    "value": 137.6451612903226,
    "sim_clock": "2020-01-01 10:27:00"
  },
  {
    "value": 138.09574468085106,
    "sim_clock": "2020-01-01 10:27:30"
  },
  {
    "value": 138.48837209302326,
    "sim_clock": "2020-01-01 10:28:00"
  },
  {
    "value": 138.61959957850368,
    "sim_clock": "2020-01-01 10:28:30"
  },
  {
    "value": 138.3403361344538,
    "sim_clock": "2020-01-01 10:29:00"
  },
  {
    "value": 138.55345911949686,
    "sim_clock": "2020-01-01 10:29:30"
  },
  {
    "value": 138.3385579937304,
    "sim_clock": "2020-01-01 10:30:00"
  },
  {
    "value": 138.35073068893527,
    "sim_clock": "2020-01-01 10:30:30"
  },
  {
    "value": 138.23774765380605,
    "sim_clock": "2020-01-01 10:31:00"
  },
  {
    "value": 138.33679833679832,
    "sim_clock": "2020-01-01 10:31:30"
  },
  {
    "value": 138.56404958677686,
    "sim_clock": "2020-01-01 10:32:00"
  },
  {
    "value": 139.50617283950618,
    "sim_clock": "2020-01-01 10:32:30"
  },
  {
    "value": 139.40451745379877,
    "sim_clock": "2020-01-01 10:33:00"
  },
  {
    "value": 139.73442288049029,
    "sim_clock": "2020-01-01 10:33:30"
  },
  {
    "value": 140.3451776649746,
    "sim_clock": "2020-01-01 10:34:00"
  },
  {
    "value": 140.32355915065722,
    "sim_clock": "2020-01-01 10:34:30"
  },
  {
    "value": 140.32355915065722,
    "sim_clock": "2020-01-01 10:35:00"
  },
  {
    "value": 140.53427419354838,
    "sim_clock": "2020-01-01 10:35:30"
  },
  {
    "value": 140.70210631895688,
    "sim_clock": "2020-01-01 10:36:00"
  },
  {
    "value": 140.91908091908093,
    "sim_clock": "2020-01-01 10:36:30"
  },
  {
    "value": 140.6380857427717,
    "sim_clock": "2020-01-01 10:37:00"
  },
  {
    "value": 140.6865671641791,
    "sim_clock": "2020-01-01 10:37:30"
  },
  {
    "value": 141.78571428571428,
    "sim_clock": "2020-01-01 10:38:00"
  },
  {
    "value": 141.72106824925817,
    "sim_clock": "2020-01-01 10:38:30"
  },
  {
    "value": 142.02569169960475,
    "sim_clock": "2020-01-01 10:39:00"
  },
  {
    "value": 141.93897637795277,
    "sim_clock": "2020-01-01 10:39:30"
  },
  {
    "value": 142.2865554465162,
    "sim_clock": "2020-01-01 10:40:00"
  },
  {
    "value": 142.6908023483366,
    "sim_clock": "2020-01-01 10:40:30"
  },
  {
    "value": 143.2944606413994,
    "sim_clock": "2020-01-01 10:41:00"
  },
  {
    "value": 143.4593023255814,
    "sim_clock": "2020-01-01 10:41:30"
  },
  {
    "value": 143.3108108108108,
    "sim_clock": "2020-01-01 10:42:00"
  },
  {
    "value": 144.12103746397693,
    "sim_clock": "2020-01-01 10:42:30"
  },
  {
    "value": 144.51149425287358,
    "sim_clock": "2020-01-01 10:43:00"
  },
  {
    "value": 144.51149425287358,
    "sim_clock": "2020-01-01 10:43:30"
  },
  {
    "value": 144.72779369627509,
    "sim_clock": "2020-01-01 10:44:00"
  },
  {
    "value": 145.22857142857143,
    "sim_clock": "2020-01-01 10:44:30"
  },
  {
    "value": 145.21821631878558,
    "sim_clock": "2020-01-01 10:45:00"
  },
  {
    "value": 145.81132075471697,
    "sim_clock": "2020-01-01 10:45:30"
  },
  {
    "value": 145.78699340245052,
    "sim_clock": "2020-01-01 10:46:00"
  },
  {
    "value": 145.82706766917292,
    "sim_clock": "2020-01-01 10:46:30"
  },
  {
    "value": 146.28865979381445,
    "sim_clock": "2020-01-01 10:47:00"
  },
  {
    "value": 146.10280373831776,
    "sim_clock": "2020-01-01 10:47:30"
  },
  {
    "value": 146.23605947955392,
    "sim_clock": "2020-01-01 10:48:00"
  },
  {
    "value": 146.19091751621872,
    "sim_clock": "2020-01-01 10:48:30"
  },
  {
    "value": 146.11829944547134,
    "sim_clock": "2020-01-01 10:49:00"
  },
  {
    "value": 146.831955922865,
    "sim_clock": "2020-01-01 10:49:30"
  },
  {
    "value": 146.86813186813185,
    "sim_clock": "2020-01-01 10:50:00"
  },
  {
    "value": 147.3175182481752,
    "sim_clock": "2020-01-01 10:50:30"
  },
  {
    "value": 147.33212341197822,
    "sim_clock": "2020-01-01 10:51:00"
  },
  {
    "value": 147.22826086956522,
    "sim_clock": "2020-01-01 10:51:30"
  },
  {
    "value": 147.39837398373984,
    "sim_clock": "2020-01-01 10:52:00"
  },
  {
    "value": 147.7047704770477,
    "sim_clock": "2020-01-01 10:52:30"
  },
  {
    "value": 147.7047704770477,
    "sim_clock": "2020-01-01 10:53:00"
  },
  {
    "value": 147.8763440860215,
    "sim_clock": "2020-01-01 10:53:30"
  },
  {
    "value": 147.85522788203752,
    "sim_clock": "2020-01-01 10:54:00"
  },
  {
    "value": 148.10160427807486,
    "sim_clock": "2020-01-01 10:54:30"
  },
  {
    "value": 148.00354924578528,
    "sim_clock": "2020-01-01 10:55:00"
  },
  {
    "value": 148.11671087533156,
    "sim_clock": "2020-01-01 10:55:30"
  },
  {
    "value": 147.8590308370044,
    "sim_clock": "2020-01-01 10:56:00"
  },
  {
    "value": 148.09859154929578,
    "sim_clock": "2020-01-01 10:56:30"
  },
  {
    "value": 148.15627743634766,
    "sim_clock": "2020-01-01 10:57:00"
  },
  {
    "value": 148.1315789473684,
    "sim_clock": "2020-01-01 10:57:30"
  },
  {
    "value": 148.5564304461942,
    "sim_clock": "2020-01-01 10:58:00"
  },
  {
    "value": 148.66724738675958,
    "sim_clock": "2020-01-01 10:58:30"
  },
  {
    "value": 148.48958333333334,
    "sim_clock": "2020-01-01 10:59:00"
  },
  {
    "value": 148.65051903114187,
    "sim_clock": "2020-01-01 10:59:30"
  },
  {
    "value": 148.67989646246764,
    "sim_clock": "2020-01-01 11:00:00"
  },
  {
    "value": 148.88984509466437,
    "sim_clock": "2020-01-01 11:00:30"
  },
  {
    "value": 148.92307692307693,
    "sim_clock": "2020-01-01 11:01:00"
  },
  {
    "value": 148.87563884156728,
    "sim_clock": "2020-01-01 11:01:30"
  },
  {
    "value": 149.36332767402376,
    "sim_clock": "2020-01-01 11:02:00"
  },
  {
    "value": 149.26271186440678,
    "sim_clock": "2020-01-01 11:02:30"
  },
  {
    "value": 149.11167512690355,
    "sim_clock": "2020-01-01 11:03:00"
  },
  {
    "value": 149.13996627318718,
    "sim_clock": "2020-01-01 11:03:30"
  },
  {
    "value": 149.1406908171862,
    "sim_clock": "2020-01-01 11:04:00"
  },
  {
    "value": 149.0909090909091,
    "sim_clock": "2020-01-01 11:04:30"
  },
  {
    "value": 149.26829268292684,
    "sim_clock": "2020-01-01 11:05:00"
  },
  {
    "value": 149.5222129086337,
    "sim_clock": "2020-01-01 11:05:30"
  },
  {
    "value": 149.69924812030075,
    "sim_clock": "2020-01-01 11:06:00"
  },
  {
    "value": 149.575,
    "sim_clock": "2020-01-01 11:06:30"
  },
  {
    "value": 149.42643391521196,
    "sim_clock": "2020-01-01 11:07:00"
  },
  {
    "value": 149.55260977630488,
    "sim_clock": "2020-01-01 11:07:30"
  },
  {
    "value": 149.45364238410596,
    "sim_clock": "2020-01-01 11:08:00"
  },
  {
    "value": 150.0,
    "sim_clock": "2020-01-01 11:08:30"
  },
  {
    "value": 150.69192751235585,
    "sim_clock": "2020-01-01 11:09:00"
  },
  {
    "value": 150.71546052631578,
    "sim_clock": "2020-01-01 11:09:30"
  },
  {
    "value": 150.63882063882065,
    "sim_clock": "2020-01-01 11:10:00"
  },
  {
    "value": 150.5872756933116,
    "sim_clock": "2020-01-01 11:10:30"
  },
  {
    "value": 150.58679706601467,
    "sim_clock": "2020-01-01 11:11:00"
  },
  {
    "value": 151.09666937449228,
    "sim_clock": "2020-01-01 11:11:30"
  },
  {
    "value": 151.13985448666128,
    "sim_clock": "2020-01-01 11:12:00"
  },
  {
    "value": 150.9685230024213,
    "sim_clock": "2020-01-01 11:12:30"
  },
  {
    "value": 150.53097345132744,
    "sim_clock": "2020-01-01 11:13:00"
  },
  {
    "value": 150.408,
    "sim_clock": "2020-01-01 11:13:30"
  },
  {
    "value": 150.2153110047847,
    "sim_clock": "2020-01-01 11:14:00"
  },
  {
    "value": 150.5471847739889,
    "sim_clock": "2020-01-01 11:14:30"
  },
  {
    "value": 150.37884767166534,
    "sim_clock": "2020-01-01 11:15:00"
  },
  {
    "value": 150.33123028391168,
    "sim_clock": "2020-01-01 11:15:30"
  },
  {
    "value": 150.14128728414443,
    "sim_clock": "2020-01-01 11:16:00"
  },
  {
    "value": 149.97654417513684,
    "sim_clock": "2020-01-01 11:16:30"
  },
  {
    "value": 149.97654417513684,
    "sim_clock": "2020-01-01 11:17:00"
  },
  {
    "value": 149.78955572876072,
    "sim_clock": "2020-01-01 11:17:30"
  },
  {
    "value": 149.88335925349924,
    "sim_clock": "2020-01-01 11:18:00"
  },
  {
    "value": 149.8136645962733,
    "sim_clock": "2020-01-01 11:18:30"
  },
  {
    "value": 149.7676219984508,
    "sim_clock": "2020-01-01 11:19:00"
  },
  {
    "value": 149.55916473317865,
    "sim_clock": "2020-01-01 11:19:30"
  },
  {
    "value": 149.4684129429892,
    "sim_clock": "2020-01-01 11:20:00"
  },
  {
    "value": 149.4226327944573,
    "sim_clock": "2020-01-01 11:20:30"
  },
  {
    "value": 149.79310344827587,
    "sim_clock": "2020-01-01 11:21:00"
  },
  {
    "value": 149.86228003060444,
    "sim_clock": "2020-01-01 11:21:30"
  },
  {
    "value": 149.68012185833967,
    "sim_clock": "2020-01-01 11:22:00"
  },
  {
    "value": 149.8404255319149,
    "sim_clock": "2020-01-01 11:22:30"
  },
  {
    "value": 150.09104704097118,
    "sim_clock": "2020-01-01 11:23:00"
  },
  {
    "value": 150.13595166163142,
    "sim_clock": "2020-01-01 11:23:30"
  },
  {
    "value": 150.02262443438914,
    "sim_clock": "2020-01-01 11:24:00"
  },
  {
    "value": 149.95478522984175,
    "sim_clock": "2020-01-01 11:24:30"
  },
  {
    "value": 150.11244377811096,
    "sim_clock": "2020-01-01 11:25:00"
  },
  {
    "value": 150.47085201793723,
    "sim_clock": "2020-01-01 11:25:30"
  },
  {
    "value": 151.18479880774962,
    "sim_clock": "2020-01-01 11:26:00"
  },
  {
    "value": 151.04910714285714,
    "sim_clock": "2020-01-01 11:26:30"
  },
  {
    "value": 151.33729569093612,
    "sim_clock": "2020-01-01 11:27:00"
  },
  {
    "value": 151.44444444444446,
    "sim_clock": "2020-01-01 11:27:30"
  },
  {
    "value": 151.63837638376384,
    "sim_clock": "2020-01-01 11:28:00"
  },
  {
    "value": 152.03389830508473,
    "sim_clock": "2020-01-01 11:28:30"
  },
  {
    "value": 151.87224669603523,
    "sim_clock": "2020-01-01 11:29:00"
  },
  {
    "value": 152.13186813186815,
    "sim_clock": "2020-01-01 11:29:30"
  },
  {
    "value": 152.10680321872715,
    "sim_clock": "2020-01-01 11:30:00"
  },
  {
    "value": 152.14598540145985,
    "sim_clock": "2020-01-01 11:30:30"
  },
  {
    "value": 152.3396501457726,
    "sim_clock": "2020-01-01 11:31:00"
  },
  {
    "value": 152.15843023255815,
    "sim_clock": "2020-01-01 11:31:30"
  },
  {
    "value": 152.5180897250362,
    "sim_clock": "2020-01-01 11:32:00"
  },
  {
    "value": 152.6878612716763,
    "sim_clock": "2020-01-01 11:32:30"
  },
  {
    "value": 152.9632299927902,
    "sim_clock": "2020-01-01 11:33:00"
  },
  {
    "value": 152.80777537796976,
    "sim_clock": "2020-01-01 11:33:30"
  },
  {
    "value": 152.90739411342426,
    "sim_clock": "2020-01-01 11:34:00"
  },
  {
    "value": 152.81922525107603,
    "sim_clock": "2020-01-01 11:34:30"
  },
  {
    "value": 153.42368045649073,
    "sim_clock": "2020-01-01 11:35:00"
  },
  {
    "value": 153.41151385927506,
    "sim_clock": "2020-01-01 11:35:30"
  },
  {
    "value": 153.55823863636363,
    "sim_clock": "2020-01-01 11:36:00"
  },
  {
    "value": 153.57700496806245,
    "sim_clock": "2020-01-01 11:36:30"
  },
  {
    "value": 153.56687898089172,
    "sim_clock": "2020-01-01 11:37:00"
  },
  {
    "value": 153.5593220338983,
    "sim_clock": "2020-01-01 11:37:30"
  },
  {
    "value": 153.75,
    "sim_clock": "2020-01-01 11:38:00"
  },
  {
    "value": 153.81052631578947,
    "sim_clock": "2020-01-01 11:38:30"
  },
  {
    "value": 153.81052631578947,
    "sim_clock": "2020-01-01 11:39:00"
  },
  {
    "value": 154.1596638655462,
    "sim_clock": "2020-01-01 11:39:30"
  },
  {
    "value": 154.44444444444446,
    "sim_clock": "2020-01-01 11:40:00"
  },
  {
    "value": 154.36933797909407,
    "sim_clock": "2020-01-01 11:40:30"
  },
  {
    "value": 154.44676409185803,
    "sim_clock": "2020-01-01 11:41:00"
  },
  {
    "value": 154.62179042331715,
    "sim_clock": "2020-01-01 11:41:30"
  },
  {
    "value": 154.79584775086505,
    "sim_clock": "2020-01-01 11:42:00"
  },
  {
    "value": 154.7892190739461,
    "sim_clock": "2020-01-01 11:42:30"
  },
  {
    "value": 154.59310344827585,
    "sim_clock": "2020-01-01 11:43:00"
  },
  {
    "value": 154.52791178497588,
    "sim_clock": "2020-01-01 11:43:30"
  },
  {
    "value": 154.68685478320717,
    "sim_clock": "2020-01-01 11:44:00"
  },
  {
    "value": 155.0582590815627,
    "sim_clock": "2020-01-01 11:44:30"
  },
  {
    "value": 154.9931506849315,
    "sim_clock": "2020-01-01 11:45:00"
  },
  {
    "value": 155.11596180081855,
    "sim_clock": "2020-01-01 11:45:30"
  },
  {
    "value": 155.3252032520325,
    "sim_clock": "2020-01-01 11:46:00"
  },
  {
    "value": 155.6833558863329,
    "sim_clock": "2020-01-01 11:46:30"
  },
  {
    "value": 155.57575757575756,
    "sim_clock": "2020-01-01 11:47:00"
  },
  {
    "value": 156.10887096774192,
    "sim_clock": "2020-01-01 11:47:30"
  },
  {
    "value": 156.08462055070518,
    "sim_clock": "2020-01-01 11:48:00"
  },
  {
    "value": 156.27766599597587,
    "sim_clock": "2020-01-01 11:48:30"
  },
  {
    "value": 156.8628762541806,
    "sim_clock": "2020-01-01 11:49:00"
  },
  {
    "value": 156.95390781563125,
    "sim_clock": "2020-01-01 11:49:30"
  },
  {
    "value": 158.05851063829786,
    "sim_clock": "2020-01-01 11:50:00"
  },
  {
    "value": 158.14200398142003,
    "sim_clock": "2020-01-01 11:50:30"
  },
  {
    "value": 158.21972203838519,
    "sim_clock": "2020-01-01 11:51:00"
  },
  {
    "value": 158.70712401055408,
    "sim_clock": "2020-01-01 11:51:30"
  },
  {
    "value": 158.70712401055408,
    "sim_clock": "2020-01-01 11:52:00"
  },
  {
    "value": 158.46153846153845,
    "sim_clock": "2020-01-01 11:52:30"
  },
  {
    "value": 158.46153846153845,
    "sim_clock": "2020-01-01 11:53:00"
  },
  {
    "value": 158.7065003282994,
    "sim_clock": "2020-01-01 11:53:30"
  },
  {
    "value": 159.22018348623854,
    "sim_clock": "2020-01-01 11:54:00"
  },
  {
    "value": 159.39829954218445,
    "sim_clock": "2020-01-01 11:54:30"
  },
  {
    "value": 159.50359242325277,
    "sim_clock": "2020-01-01 11:55:00"
  },
  {
    "value": 159.42019543973942,
    "sim_clock": "2020-01-01 11:55:30"
  },
  {
    "value": 159.42019543973942,
    "sim_clock": "2020-01-01 11:56:00"
  },
  {
    "value": 159.2982456140351,
    "sim_clock": "2020-01-01 11:56:30"
  },
  {
    "value": 159.3385214007782,
    "sim_clock": "2020-01-01 11:57:00"
  },
  {
    "value": 159.10679611650485,
    "sim_clock": "2020-01-01 11:57:30"
  },
  {
    "value": 159.08150064683053,
    "sim_clock": "2020-01-01 11:58:00"
  },
  {
    "value": 159.11025145067697,
    "sim_clock": "2020-01-01 11:58:30"
  },
  {
    "value": 159.0077319587629,
    "sim_clock": "2020-01-01 11:59:00"
  },
  {
    "value": 159.0077319587629,
    "sim_clock": "2020-01-01 11:59:30"
  }
]