[
  {
    "value": 0.0,
    "sim_clock": "2020-01-01 08:00:00"
  },
  {
    "value": 0.0,
    "sim_clock": "2020-01-01 08:00:30"
  },
  {
    "value": 0.0,
    "sim_clock": "2020-01-01 08:01:00"
  },
  {
    "value": 0.0,
    "sim_clock": "2020-01-01 08:01:30"
  },
  {
    "value": 0.0,
    "sim_clock": "2020-01-01 08:02:00"
  },
  {
    "value": 0.0,
    "sim_clock": "2020-01-01 08:02:30"
  },
  {
    "value": 0.0,
    "sim_clock": "2020-01-01 08:03:00"
  },
  {
    "value": 0.0,
    "sim_clock": "2020-01-01 08:03:30"
  },
  {
    "value": 0.0,
    "sim_clock": "2020-01-01 08:04:00"
  },
  {
    "value": 0.0,
    "sim_clock": "2020-01-01 08:04:30"
  },
  {
    "value": 0.0,
    "sim_clock": "2020-01-01 08:05:00"
  },
  {
    "value": 0.0,
    "sim_clock": "2020-01-01 08:05:30"
  },
  {
    "value": 300.0,
    "sim_clock": "2020-01-01 08:06:00"
  },
  {
    "value": 300.0,
    "sim_clock": "2020-01-01 08:06:30"
  },
  {
    "value": 300.0,
    "sim_clock": "2020-01-01 08:07:00"
  },
  {
    "value": 300.0,
    "sim_clock": "2020-01-01 08:07:30"
  },
  {
    "value": 300.0,
    "sim_clock": "2020-01-01 08:08:00"
  },
  {
    "value": 720.0,
    "sim_clock": "2020-01-01 08:08:30"
  },
  {
    "value": 720.0,
    "sim_clock": "2020-01-01 08:09:00"
  },
  {
    "value": 900.0,
    "sim_clock": "2020-01-01 08:09:30"
  },
  {
    "value": 1230.0,
    "sim_clock": "2020-01-01 08:10:00"
  },
  {
    "value": 2010.0,
    "sim_clock": "2020-01-01 08:10:30"
  },
  {
    "value": 4020.0,
    "sim_clock": "2020-01-01 08:11:00"
  },
  {
    "value": 5100.0,
    "sim_clock": "2020-01-01 08:11:30"
  },
  {
    "value": 7770.0,
    "sim_clock": "2020-01-01 08:12:00"
  },
  {
    "value": 10110.0,
    "sim_clock": "2020-01-01 08:12:30"
  },
  {
    "value": 11700.0,
    "sim_clock": "2020-01-01 08:13:00"
  },
  {
    "value": 14370.0,
    "sim_clock": "2020-01-01 08:13:30"
  },
  {
    "value": 14760.0,
    "sim_clock": "2020-01-01 08:14:00"
  },
  {
    "value": 16200.0,
    "sim_clock": "2020-01-01 08:14:30"
  },
  {
    "value": 17850.0,
    "sim_clock": "2020-01-01 08:15:00"
  },
  {
    "value": 20460.0,
    "sim_clock": "2020-01-01 08:15:30"
  },
  {
    "value": 22830.0,
    "sim_clock": "2020-01-01 08:16:00"
  },
  {
    "value": 25140.0,
    "sim_clock": "2020-01-01 08:16:30"
  },
  {
    "value": 26940.0,
    "sim_clock": "2020-01-01 08:17:00"
  },
  {
    "value": 27390.0,
    "sim_clock": "2020-01-01 08:17:30"
  },
  {
    "value": 29550.0,
    "sim_clock": "2020-01-01 08:18:00"
  },
  {
    "value": 32700.0,
    "sim_clock": "2020-01-01 08:18:30"
  },
  {
    "value": 35250.0,
    "sim_clock": "2020-01-01 08:19:00"
  },
  {
    "value": 38220.0,
    "sim_clock": "2020-01-01 08:19:30"
  },
  {
    "value": 38850.0,
    "sim_clock": "2020-01-01 08:20:00"
  },
  {
    "value": 42600.0,
    "sim_clock": "2020-01-01 08:20:30"
  },
  {
    "value": 47040.0,
    "sim_clock": "2020-01-01 08:21:00"
  },
  {
    "value": 49320.0,
    "sim_clock": "2020-01-01 08:21:30"
  },
  {
    "value": 51300.0,
    "sim_clock": "2020-01-01 08:22:00"
  },
  {
    "value": 55020.0,
    "sim_clock": "2020-01-01 08:22:30"
  },
  {
    "value": 57150.0,
    "sim_clock": "2020-01-01 08:23:00"
  },
  {
    "value": 58200.0,
    "sim_clock": "2020-01-01 08:23:30"
  },
  {
    "value": 61200.0,
    "sim_clock": "2020-01-01 08:24:00"
  },
  {
    "value": 62130.0,
    "sim_clock": "2020-01-01 08:24:30"
  },
  {
    "value": 65580.0,
    "sim_clock": "2020-01-01 08:25:00"
  },
  {
    "value": 66720.0,
    "sim_clock": "2020-01-01 08:25:30"
  },
  {
    "value": 69930.0,
    "sim_clock": "2020-01-01 08:26:00"
  },
  {
    "value": 71700.0,
    "sim_clock": "2020-01-01 08:26:30"
  },
  {
    "value": 75090.0,
    "sim_clock": "2020-01-01 08:27:00"
  },
  {
    "value": 78540.0,
    "sim_clock": "2020-01-01 08:27:30"
  },
  {
    "value": 79770.0,
    "sim_clock": "2020-01-01 08:28:00"
  },
  {
    "value": 81000.0,
    "sim_clock": "2020-01-01 08:28:30"
  },
  {
    "value": 82380.0,
    "sim_clock": "2020-01-01 08:29:00"
  },
  {
    "value": 85470.0,
    "sim_clock": "2020-01-01 08:29:30"
  },
  {
    "value": 87390.0,
    "sim_clock": "2020-01-01 08:30:00"
  },
  {
    "value": 88800.0,
    "sim_clock": "2020-01-01 08:30:30"
  },
  {
    "value": 89400.0,
    "sim_clock": "2020-01-01 08:31:00"
  },
  {
    "value": 89400.0,
    "sim_clock": "2020-01-01 08:31:30"
  },
  {
    "value": 90810.0,
    "sim_clock": "2020-01-01 08:32:00"
  },
  {
    "value": 94770.0,
    "sim_clock": "2020-01-01 08:32:30"
  },
  {
    "value": 96960.0,
    "sim_clock": "2020-01-01 08:33:00"
  },
  {
    "value": 99180.0,
    "sim_clock": "2020-01-01 08:33:30"
  },
  {
    "value": 100380.0,
    "sim_clock": "2020-01-01 08:34:00"
  },
  {
    "value": 101520.0,
    "sim_clock": "2020-01-01 08:34:30"
  },
  {
    "value": 101520.0,
    "sim_clock": "2020-01-01 08:35:00"
  },
  {
    "value": 103500.0,
    "sim_clock": "2020-01-01 08:35:30"
  },
  {
    "value": 105330.0,
    "sim_clock": "2020-01-01 08:36:00"
  },
  {
    "value": 107220.0,
    "sim_clock": "2020-01-01 08:36:30"
  },
  {
    "value": 107790.0,
    "sim_clock": "2020-01-01 08:37:00"
  },
  {
    "value": 112230.0,
    "sim_clock": "2020-01-01 08:37:30"
  },
  {
    "value": 114840.0,
    "sim_clock": "2020-01-01 08:38:00"
  },
  {
    "value": 115320.0,
    "sim_clock": "2020-01-01 08:38:30"
  },
  {
    "value": 116370.0,
    "sim_clock": "2020-01-01 08:39:00"
  },
  {
    "value": 117390.0,
    "sim_clock": "2020-01-01 08:39:30"
  },
  {
    "value": 117930.0,
    "sim_clock": "2020-01-01 08:40:00"
  },
  {
    "value": 118680.0,
    "sim_clock": "2020-01-01 08:40:30"
  },
  {
    "value": 120870.0,
    "sim_clock": "2020-01-01 08:41:00"
  },
  {
    "value": 121500.0,
    "sim_clock": "2020-01-01 08:41:30"
  },
  {
    "value": 124560.0,
    "sim_clock": "2020-01-01 08:42:00"
  },
  {
    "value": 125400.0,
    "sim_clock": "2020-01-01 08:42:30"
  },
  {
    "value": 125700.0,
    "sim_clock": "2020-01-01 08:43:00"
  },
  {
    "value": 127620.0,
    "sim_clock": "2020-01-01 08:43:30"
  },
  {
    "value": 129060.0,
    "sim_clock": "2020-01-01 08:44:00"
  },
  {
    "value": 131160.0,
    "sim_clock": "2020-01-01 08:44:30"
  },
  {
    "value": 131340.0,
    "sim_clock": "2020-01-01 08:45:00"
  },
  {
    "value": 131640.0,
    "sim_clock": "2020-01-01 08:45:30"
  },
  {
    "value": 134100.0,
    "sim_clock": "2020-01-01 08:46:00"
  },
  {
    "value": 135210.0,
    "sim_clock": "2020-01-01 08:46:30"
  },
  {
    "value": 135930.0,
    "sim_clock": "2020-01-01 08:47:00"
  },
  {
    "value": 136380.0,
    "sim_clock": "2020-01-01 08:47:30"
  },
  {
    "value": 137730.0,
    "sim_clock": "2020-01-01 08:48:00"
  },
  {
    "value": 139440.0,
    "sim_clock": "2020-01-01 08:48:30"
  },
  {
    "value": 141510.0,
    "sim_clock": "2020-01-01 08:49:00"
  },
  {
    "value": 144600.0,
    "sim_clock": "2020-01-01 08:49:30"
  },
  {
    "value": 145890.0,
    "sim_clock": "2020-01-01 08:50:00"
  },
  {
    "value": 147210.0,
    "sim_clock": "2020-01-01 08:50:30"
  },
  {
    "value": 150060.0,
    "sim_clock": "2020-01-01 08:51:00"
  },
  {
    "value": 151140.0,
    "sim_clock": "2020-01-01 08:51:30"
  },
  {
    "value": 152190.0,
    "sim_clock": "2020-01-01 08:52:00"
  },
  {
    "value": 154650.0,
    "sim_clock": "2020-01-01 08:52:30"
  },
  {
    "value": 155580.0,
    "sim_clock": "2020-01-01 08:53:00"
  },
  {
    "value": 158130.0,
    "sim_clock": "2020-01-01 08:53:30"
  },
  {
    "value": 158820.0,
    "sim_clock": "2020-01-01 08:54:00"
  },
  {
    "value": 161670.0,
    "sim_clock": "2020-01-01 08:54:30"
  },
  {
    "value": 163410.0,
    "sim_clock": "2020-01-01 08:55:00"
  },
  {
    "value": 163710.0,
    "sim_clock": "2020-01-01 08:55:30"
  },
  {
    "value": 164340.0,
    "sim_clock": "2020-01-01 08:56:00"
  },
  {
    "value": 166440.0,
    "sim_clock": "2020-01-01 08:56:30"
  },
  {
    "value": 168510.0,
    "sim_clock": "2020-01-01 08:57:00"
  },
  {
    "value": 169770.0,
    "sim_clock": "2020-01-01 08:57:30"
  },
  {
    "value": 172020.0,
    "sim_clock": "2020-01-01 08:58:00"
  },
  {
    "value": 174630.0,
    "sim_clock": "2020-01-01 08:58:30"
  },
  {
    "value": 174630.0,
    "sim_clock": "2020-01-01 08:59:00"
  },
  {
    "value": 176070.0,
    "sim_clock": "2020-01-01 08:59:30"
  },
  {
    "value": 177570.0,
    "sim_clock": "2020-01-01 09:00:00"
  },
  {
    "value": 181860.0,
    "sim_clock": "2020-01-01 09:00:30"
  },
  {
    "value": 181860.0,
    "sim_clock": "2020-01-01 09:01:00"
  },
  {
    "value": 182700.0,
    "sim_clock": "2020-01-01 09:01:30"
  },
  {
    "value": 183930.0,
    "sim_clock": "2020-01-01 09:02:00"
  },
  {
    "value": 186120.0,
    "sim_clock": "2020-01-01 09:02:30"
  },
  {
    "value": 186900.0,
    "sim_clock": "2020-01-01 09:03:00"
  },
  {
    "value": 187680.0,
    "sim_clock": "2020-01-01 09:03:30"
  },
  {
    "value": 190620.0,
    "sim_clock": "2020-01-01 09:04:00"
  },
  {
    "value": 191100.0,
    "sim_clock": "2020-01-01 09:04:30"
  },
  {
    "value": 192660.0,
    "sim_clock": "2020-01-01 09:05:00"
  },
  {
    "value": 194670.0,
    "sim_clock": "2020-01-01 09:05:30"
  },
  {
    "value": 196290.0,
    "sim_clock": "2020-01-01 09:06:00"
  },
  {
    "value": 197880.0,
    "sim_clock": "2020-01-01 09:06:30"
  },
  {
    "value": 198150.0,
    "sim_clock": "2020-01-01 09:07:00"
  },
  {
    "value": 199500.0,
    "sim_clock": "2020-01-01 09:07:30"
  },
  {
    "value": 204150.0,
    "sim_clock": "2020-01-01 09:08:00"
  },
  {
    "value": 205620.0,
    "sim_clock": "2020-01-01 09:08:30"
  },
  {
    "value": 210060.0,
    "sim_clock": "2020-01-01 09:09:00"
  },
  {
    "value": 213480.0,
    "sim_clock": "2020-01-01 09:09:30"
  },
  {
    "value": 213990.0,
    "sim_clock": "2020-01-01 09:10:00"
  },
  {
    "value": 214740.0,
    "sim_clock": "2020-01-01 09:10:30"
  },
  {
    "value": 214740.0,
    "sim_clock": "2020-01-01 09:11:00"
  },
  {
    "value": 217380.0,
    "sim_clock": "2020-01-01 09:11:30"
  },
  {
    "value": 218430.0,
    "sim_clock": "2020-01-01 09:12:00"
  },
  {
    "value": 220260.0,
    "sim_clock": "2020-01-01 09:12:30"
  },
  {
    "value": 221640.0,
    "sim_clock": "2020-01-01 09:13:00"
  },
  {
    "value": 222900.0,
    "sim_clock": "2020-01-01 09:13:30"
  },
  {
    "value": 225270.0,
    "sim_clock": "2020-01-01 09:14:00"
  },
  {
    "value": 226980.0,
    "sim_clock": "2020-01-01 09:14:30"
  },
  {
    "value": 228960.0,
    "sim_clock": "2020-01-01 09:15:00"
  },
  {
    "value": 231330.0,
    "sim_clock": "2020-01-01 09:15:30"
  },
  {
    "value": 233670.0,
    "sim_clock": "2020-01-01 09:16:00"
  },
  {
    "value": 235500.0,
    "sim_clock": "2020-01-01 09:16:30"
  },
  {
    "value": 236220.0,
    "sim_clock": "2020-01-01 09:17:00"
  },
  {
    "value": 237660.0,
    "sim_clock": "2020-01-01 09:17:30"
  },
  {
    "value": 238860.0,
    "sim_clock": "2020-01-01 09:18:00"
  },
  {
    "value": 240540.0,
    "sim_clock": "2020-01-01 09:18:30"
  },
  {
    "value": 245130.0,
    "sim_clock": "2020-01-01 09:19:00"
  },
  {
    "value": 246090.0,
    "sim_clock": "2020-01-01 09:19:30"
  },
  {
    "value": 247410.0,
    "sim_clock": "2020-01-01 09:20:00"
  },
  {
    "value": 248400.0,
    "sim_clock": "2020-01-01 09:20:30"
  },
  {
    "value": 249240.0,
    "sim_clock": "2020-01-01 09:21:00"
  },
  {
    "value": 253500.0,
    "sim_clock": "2020-01-01 09:21:30"
  },
  {
    "value": 257010.0,
    "sim_clock": "2020-01-01 09:22:00"
  },
  {
    "value": 258360.0,
    "sim_clock": "2020-01-01 09:22:30"
  },
  {
    "value": 258360.0,
    "sim_clock": "2020-01-01 09:23:00"
  },
  {
    "value": 260250.0,
    "sim_clock": "2020-01-01 09:23:30"
  },
  {
    "value": 262680.0,
    "sim_clock": "2020-01-01 09:24:00"
  },
  {
    "value": 262680.0,
    "sim_clock": "2020-01-01 09:24:30"
  },
  {
    "value": 263700.0,
    "sim_clock": "2020-01-01 09:25:00"
  },
  {
    "value": 265620.0,
    "sim_clock": "2020-01-01 09:25:30"
  },
  {
    "value": 268530.0,
    "sim_clock": "2020-01-01 09:26:00"
  },
  {
    "value": 270720.0,
    "sim_clock": "2020-01-01 09:26:30"
  },
  {
    "value": 273780.0,
    "sim_clock": "2020-01-01 09:27:00"
  },
  {
    "value": 274860.0,
    "sim_clock": "2020-01-01 09:27:30"
  },
  {
    "value": 275760.0,
    "sim_clock": "2020-01-01 09:28:00"
  },
  {
    "value": 276150.0,
    "sim_clock": "2020-01-01 09:28:30"
  },
  {
    "value": 279150.0,
    "sim_clock": "2020-01-01 09:29:00"
  },
  {
    "value": 281400.0,
    "sim_clock": "2020-01-01 09:29:30"
  },
  {
    "value": 282750.0,
    "sim_clock": "2020-01-01 09:30:00"
  },
  {
    "value": 283680.0,
    "sim_clock": "2020-01-01 09:30:30"
  },
  {
    "value": 285540.0,
    "sim_clock": "2020-01-01 09:31:00"
  },
  {
    "value": 287040.0,
    "sim_clock": "2020-01-01 09:31:30"
  },
  {
    "value": 289320.0,
    "sim_clock": "2020-01-01 09:32:00"
  },
  {
    "value": 290640.0,
    "sim_clock": "2020-01-01 09:32:30"
  },
  {
    "value": 291990.0,
    "sim_clock": "2020-01-01 09:33:00"
  },
  {
    "value": 293460.0,
    "sim_clock": "2020-01-01 09:33:30"
  },
  {
    "value": 293940.0,
    "sim_clock": "2020-01-01 09:34:00"
  },
  {
    "value": 297090.0,
    "sim_clock": "2020-01-01 09:34:30"
  },
  {
    "value": 297090.0,
    "sim_clock": "2020-01-01 09:35:00"
  },
  {
    "value": 299580.0,
    "sim_clock": "2020-01-01 09:35:30"
  },
  {
    "value": 301650.0,
    "sim_clock": "2020-01-01 09:36:00"
  },
  {
    "value": 304020.0,
    "sim_clock": "2020-01-01 09:36:30"
  },
  {
    "value": 307380.0,
    "sim_clock": "2020-01-01 09:37:00"
  },
  {
    "value": 309990.0,
    "sim_clock": "2020-01-01 09:37:30"
  },
  {
    "value": 312510.0,
    "sim_clock": "2020-01-01 09:38:00"
  },
  {
    "value": 313440.0,
    "sim_clock": "2020-01-01 09:38:30"
  },
  {
    "value": 314010.0,
    "sim_clock": "2020-01-01 09:39:00"
  },
  {
    "value": 314670.0,
    "sim_clock": "2020-01-01 09:39:30"
  },
  {
    "value": 316920.0,
    "sim_clock": "2020-01-01 09:40:00"
  },
  {
    "value": 319020.0,
    "sim_clock": "2020-01-01 09:40:30"
  },
  {
    "value": 322470.0,
    "sim_clock": "2020-01-01 09:41:00"
  },
  {
    "value": 322470.0,
    "sim_clock": "2020-01-01 09:41:30"
  },
  {
    "value": 323490.0,
    "sim_clock": "2020-01-01 09:42:00"
  },
  {
    "value": 324030.0,
    "sim_clock": "2020-01-01 09:42:30"
  },
  {
    "value": 326220.0,
    "sim_clock": "2020-01-01 09:43:00"
  },
  {
    "value": 328290.0,
    "sim_clock": "2020-01-01 09:43:30"
  },
  {
    "value": 330060.0,
    "sim_clock": "2020-01-01 09:44:00"
  },
  {
    "value": 331320.0,
    "sim_clock": "2020-01-01 09:44:30"
  },
  {
    "value": 331620.0,
    "sim_clock": "2020-01-01 09:45:00"
  },
  {
    "value": 334020.0,
    "sim_clock": "2020-01-01 09:45:30"
  },
  {
    "value": 335430.0,
    "sim_clock": "2020-01-01 09:46:00"
  },
  {
    "value": 337530.0,
    "sim_clock": "2020-01-01 09:46:30"
  },
  {
    "value": 340350.0,
    "sim_clock": "2020-01-01 09:47:00"
  },
  {
    "value": 341580.0,
    "sim_clock": "2020-01-01 09:47:30"
  },
  {
    "value": 342570.0,
    "sim_clock": "2020-01-01 09:48:00"
  },
  {
    "value": 343380.0,
    "sim_clock": "2020-01-01 09:48:30"
  },
  {
    "value": 345780.0,
    "sim_clock": "2020-01-01 09:49:00"
  },
  {
    "value": 346590.0,
    "sim_clock": "2020-01-01 09:49:30"
  },
  {
    "value": 349050.0,
    "sim_clock": "2020-01-01 09:50:00"
  },
  {
    "value": 350250.0,
    "sim_clock": "2020-01-01 09:50:30"
  },
  {
    "value": 351810.0,
    "sim_clock": "2020-01-01 09:51:00"
  },
  {
    "value": 352890.0,
    "sim_clock": "2020-01-01 09:51:30"
  },
  {
    "value": 353670.0,
    "sim_clock": "2020-01-01 09:52:00"
  },
  {
    "value": 354960.0,
    "sim_clock": "2020-01-01 09:52:30"
  },
  {
    "value": 356580.0,
    "sim_clock": "2020-01-01 09:53:00"
  },
  {
    "value": 357600.0,
    "sim_clock": "2020-01-01 09:53:30"
  },
  {
    "value": 358590.0,
    "sim_clock": "2020-01-01 09:54:00"
  },
  {
    "value": 358920.0,
    "sim_clock": "2020-01-01 09:54:30"
  },
  {
    "value": 360840.0,
    "sim_clock": "2020-01-01 09:55:00"
  },
  {
    "value": 361020.0,
    "sim_clock": "2020-01-01 09:55:30"
  },
  {
    "value": 361980.0,
    "sim_clock": "2020-01-01 09:56:00"
  },
  {
    "value": 362730.0,
    "sim_clock": "2020-01-01 09:56:30"
  },
  {
    "value": 364470.0,
    "sim_clock": "2020-01-01 09:57:00"
  },
  {
    "value": 366150.0,
    "sim_clock": "2020-01-01 09:57:30"
  },
  {
    "value": 366690.0,
    "sim_clock": "2020-01-01 09:58:00"
  },
  {
    "value": 371100.0,
    "sim_clock": "2020-01-01 09:58:30"
  },
  {
    "value": 373110.0,
    "sim_clock": "2020-01-01 09:59:00"
  },
  {
    "value": 375090.0,
    "sim_clock": "2020-01-01 09:59:30"
  },
  {
    "value": 376140.0,
    "sim_clock": "2020-01-01 10:00:00"
  },
  {
    "value": 379230.0,
    "sim_clock": "2020-01-01 10:00:30"
  },
  {
    "value": 380190.0,
    "sim_clock": "2020-01-01 10:01:00"
  },
  {
    "value": 382740.0,
    "sim_clock": "2020-01-01 10:01:30"
  },
  {
    "value": 383010.0,
    "sim_clock": "2020-01-01 10:02:00"
  },
  {
    "value": 384870.0,
    "sim_clock": "2020-01-01 10:02:30"
  },
  {
    "value": 385380.0,
    "sim_clock": "2020-01-01 10:03:00"
  },
  {
    "value": 386160.0,
    "sim_clock": "2020-01-01 10:03:30"
  },
  {
    "value": 386970.0,
    "sim_clock": "2020-01-01 10:04:00"
  },
  {
    "value": 388770.0,
    "sim_clock": "2020-01-01 10:04:30"
  },
  {
    "value": 390630.0,
    "sim_clock": "2020-01-01 10:05:00"
  },
  {
    "value": 391680.0,
    "sim_clock": "2020-01-01 10:05:30"
  },
  {
    "value": 393600.0,
    "sim_clock": "2020-01-01 10:06:00"
  },
  {
    "value": 394350.0,
    "sim_clock": "2020-01-01 10:06:30"
  },
  {
    "value": 394800.0,
    "sim_clock": "2020-01-01 10:07:00"
  },
  {
    "value": 396030.0,
    "sim_clock": "2020-01-01 10:07:30"
  },
  {
    "value": 398340.0,
    "sim_clock": "2020-01-01 10:08:00"
  },
  {
    "value": 401280.0,
    "sim_clock": "2020-01-01 10:08:30"
  },
  {
    "value": 402210.0,
    "sim_clock": "2020-01-01 10:09:00"
  },
  {
    "value": 403440.0,
    "sim_clock": "2020-01-01 10:09:30"
  },
  {
    "value": 404970.0,
    "sim_clock": "2020-01-01 10:10:00"
  },
  {
    "value": 407130.0,
    "sim_clock": "2020-01-01 10:10:30"
  },
  {
    "value": 409500.0,
    "sim_clock": "2020-01-01 10:11:00"
  },
  {
    "value": 410970.0,
    "sim_clock": "2020-01-01 10:11:30"
  },
  {
    "value": 412500.0,
    "sim_clock": "2020-01-01 10:12:00"
  },
  {
    "value": 414030.0,
    "sim_clock": "2020-01-01 10:12:30"
  },
  {
    "value": 414690.0,
    "sim_clock": "2020-01-01 10:13:00"
  },
  {
    "value": 416520.0,
    "sim_clock": "2020-01-01 10:13:30"
  },
  {
    "value": 417780.0,
    "sim_clock": "2020-01-01 10:14:00"
  },
  {
    "value": 419850.0,
    "sim_clock": "2020-01-01 10:14:30"
  },
  {
    "value": 422520.0,
    "sim_clock": "2020-01-01 10:15:00"
  },
  {
    "value": 423360.0,
    "sim_clock": "2020-01-01 10:15:30"
  },
  {
    "value": 426180.0,
    "sim_clock": "2020-01-01 10:16:00"
  },
  {
    "value": 427530.0,
    "sim_clock": "2020-01-01 10:16:30"
  },
  {
    "value": 428820.0,
    "sim_clock": "2020-01-01 10:17:00"
  },
  {
    "value": 429990.0,
    "sim_clock": "2020-01-01 10:17:30"
  },
  {
    "value": 431070.0,
    "sim_clock": "2020-01-01 10:18:00"
  },
  {
    "value": 431070.0,
    "sim_clock": "2020-01-01 10:18:30"
  },
  {
    "value": 432720.0,
    "sim_clock": "2020-01-01 10:19:00"
  },
  {
    "value": 435450.0,
    "sim_clock": "2020-01-01 10:19:30"
  },
  {
    "value": 436890.0,
    "sim_clock": "2020-01-01 10:20:00"
  },
  {
    "value": 437460.0,
    "sim_clock": "2020-01-01 10:20:30"
  },
  {
    "value": 439020.0,
    "sim_clock": "2020-01-01 10:21:00"
  },
  {
    "value": 440640.0,
    "sim_clock": "2020-01-01 10:21:30"
  },
  {
    "value": 442620.0,
    "sim_clock": "2020-01-01 10:22:00"
  },
  {
    "value": 445860.0,
    "sim_clock": "2020-01-01 10:22:30"
  },
  {
    "value": 445860.0,
    "sim_clock": "2020-01-01 10:23:00"
  },
  {
    "value": 446910.0,
    "sim_clock": "2020-01-01 10:23:30"
  },
  {
    "value": 449280.0,
    "sim_clock": "2020-01-01 10:24:00"
  },
  {
    "value": 450750.0,
    "sim_clock": "2020-01-01 10:24:30"
  },
  {
    "value": 452310.0,
    "sim_clock": "2020-01-01 10:25:00"
  },
  {
    "value": 452820.0,
    "sim_clock": "2020-01-01 10:25:30"
  },
  {
    "value": 453510.0,
    "sim_clock": "2020-01-01 10:26:00"
  },
  {
    "value": 454860.0,
    "sim_clock": "2020-01-01 10:26:30"
  },
  {
    "value": 455130.0,
    "sim_clock": "2020-01-01 10:27:00"
  },
  {
    "value": 460260.0,
    "sim_clock": "2020-01-01 10:27:30"
  },
  {
    "value": 463950.0,
    "sim_clock": "2020-01-01 10:28:00"
  },
  {
    "value": 465060.0,
    "sim_clock": "2020-01-01 10:28:30"
  },
  {
    "value": 467100.0,
    "sim_clock": "2020-01-01 10:29:00"
  },
  {
    "value": 467940.0,
    "sim_clock": "2020-01-01 10:29:30"
  },
  {
    "value": 469530.0,
    "sim_clock": "2020-01-01 10:30:00"
  },
  {
    "value": 469950.0,
    "sim_clock": "2020-01-01 10:30:30"
  },
  {
    "value": 470640.0,
    "sim_clock": "2020-01-01 10:31:00"
  },
  {
    "value": 472200.0,
    "sim_clock": "2020-01-01 10:31:30"
  },
  {
    "value": 474990.0,
    "sim_clock": "2020-01-01 10:32:00"
  },
  {
    "value": 477180.0,
    "sim_clock": "2020-01-01 10:32:30"
  },
  {
    "value": 478110.0,
    "sim_clock": "2020-01-01 10:33:00"
  },
  {
    "value": 480690.0,
    "sim_clock": "2020-01-01 10:33:30"
  },
  {
    "value": 483630.0,
    "sim_clock": "2020-01-01 10:34:00"
  },
  {
    "value": 485310.0,
    "sim_clock": "2020-01-01 10:34:30"
  },
  {
    "value": 485310.0,
    "sim_clock": "2020-01-01 10:35:00"
  },
  {
    "value": 486600.0,
    "sim_clock": "2020-01-01 10:35:30"
  },
  {
    "value": 488610.0,
    "sim_clock": "2020-01-01 10:36:00"
  },
  {
    "value": 490500.0,
    "sim_clock": "2020-01-01 10:36:30"
  },
  {
    "value": 491310.0,
    "sim_clock": "2020-01-01 10:37:00"
  },
  {
    "value": 492390.0,
    "sim_clock": "2020-01-01 10:37:30"
  },
  {
    "value": 493560.0,
    "sim_clock": "2020-01-01 10:38:00"
  },
  {
    "value": 494910.0,
    "sim_clock": "2020-01-01 10:38:30"
  },
  {
    "value": 495180.0,
    "sim_clock": "2020-01-01 10:39:00"
  },
  {
    "value": 497250.0,
    "sim_clock": "2020-01-01 10:39:30"
  },
  {
    "value": 498930.0,
    "sim_clock": "2020-01-01 10:40:00"
  },
  {
    "value": 500460.0,
    "sim_clock": "2020-01-01 10:40:30"
  },
  {
    "value": 503280.0,
    "sim_clock": "2020-01-01 10:41:00"
  },
  {
    "value": 504120.0,
    "sim_clock": "2020-01-01 10:41:30"
  },
  {
    "value": 506250.0,
    "sim_clock": "2020-01-01 10:42:00"
  },
  {
    "value": 508170.0,
    "sim_clock": "2020-01-01 10:42:30"
  },
  {
    "value": 509490.0,
    "sim_clock": "2020-01-01 10:43:00"
  },
  {
    "value": 509490.0,
    "sim_clock": "2020-01-01 10:43:30"
  },
  {
    "value": 510690.0,
    "sim_clock": "2020-01-01 10:44:00"
  },
  {
    "value": 511590.0,
    "sim_clock": "2020-01-01 10:44:30"
  },
  {
    "value": 513480.0,
    "sim_clock": "2020-01-01 10:45:00"
  },
  {
    "value": 516330.0,
    "sim_clock": "2020-01-01 10:45:30"
  },
  {
    "value": 516900.0,
    "sim_clock": "2020-01-01 10:46:00"
  },
  {
    "value": 518220.0,
    "sim_clock": "2020-01-01 10:46:30"
  },
  {
    "value": 519720.0,
    "sim_clock": "2020-01-01 10:47:00"
  },
  {
    "value": 520920.0,
    "sim_clock": "2020-01-01 10:47:30"
  },
  {
    "value": 524100.0,
    "sim_clock": "2020-01-01 10:48:00"
  },
  {
    "value": 525450.0,
    "sim_clock": "2020-01-01 10:48:30"
  },
  {
    "value": 526530.0,
    "sim_clock": "2020-01-01 10:49:00"
  },
  {
    "value": 529650.0,
    "sim_clock": "2020-01-01 10:49:30"
  },
  {
    "value": 530820.0,
    "sim_clock": "2020-01-01 10:50:00"
  },
  {
    "value": 532650.0,
    "sim_clock": "2020-01-01 10:50:30"
  },
  {
    "value": 535020.0,
    "sim_clock": "2020-01-01 10:51:00"
  },
  {
    "value": 535560.0,
    "sim_clock": "2020-01-01 10:51:30"
  },
  {
    "value": 536880.0,
    "sim_clock": "2020-01-01 10:52:00"
  },
  {
    "value": 538350.0,
    "sim_clock": "2020-01-01 10:52:30"
  },
  {
    "value": 538350.0,
    "sim_clock": "2020-01-01 10:53:00"
  },
  {
    "value": 540450.0,
    "sim_clock": "2020-01-01 10:53:30"
  },
  {
    "value": 541740.0,
    "sim_clock": "2020-01-01 10:54:00"
  },
  {
    "value": 543060.0,
    "sim_clock": "2020-01-01 10:54:30"
  },
  {
    "value": 544860.0,
    "sim_clock": "2020-01-01 10:55:00"
  },
  {
    "value": 546510.0,
    "sim_clock": "2020-01-01 10:55:30"
  },
  {
    "value": 548250.0,
    "sim_clock": "2020-01-01 10:56:00"
  },
  {
    "value": 548580.0,
    "sim_clock": "2020-01-01 10:56:30"
  },
  {
    "value": 550200.0,
    "sim_clock": "2020-01-01 10:57:00"
  },
  {
    "value": 550560.0,
    "sim_clock": "2020-01-01 10:57:30"
  },
  {
    "value": 551850.0,
    "sim_clock": "2020-01-01 10:58:00"
  },
  {
    "value": 553740.0,
    "sim_clock": "2020-01-01 10:58:30"
  },
  {
    "value": 555540.0,
    "sim_clock": "2020-01-01 10:59:00"
  },
  {
    "value": 557430.0,
    "sim_clock": "2020-01-01 10:59:30"
  },
  {
    "value": 558330.0,
    "sim_clock": "2020-01-01 11:00:00"
  },
  {
    "value": 560130.0,
    "sim_clock": "2020-01-01 11:00:30"
  },
  {
    "value": 564120.0,
    "sim_clock": "2020-01-01 11:01:00"
  },
  {
    "value": 566070.0,
    "sim_clock": "2020-01-01 11:01:30"
  },
  {
    "value": 567510.0,
    "sim_clock": "2020-01-01 11:02:00"
  },
  {
    "value": 568890.0,
    "sim_clock": "2020-01-01 11:02:30"
  },
  {
    "value": 569700.0,
    "sim_clock": "2020-01-01 11:03:00"
  },
  {
    "value": 571650.0,
    "sim_clock": "2020-01-01 11:03:30"
  },
  {
    "value": 571920.0,
    "sim_clock": "2020-01-01 11:04:00"
  },
  {
    "value": 572490.0,
    "sim_clock": "2020-01-01 11:04:30"
  },
  {
    "value": 572820.0,
    "sim_clock": "2020-01-01 11:05:00"
  },
  {
    "value": 575040.0,
    "sim_clock": "2020-01-01 11:05:30"
  },
  {
    "value": 576690.0,
    "sim_clock": "2020-01-01 11:06:00"
  },
  {
    "value": 578100.0,
    "sim_clock": "2020-01-01 11:06:30"
  },
  {
    "value": 579390.0,
    "sim_clock": "2020-01-01 11:07:00"
  },
  {
    "value": 581460.0,
    "sim_clock": "2020-01-01 11:07:30"
  },
  {
    "value": 581700.0,
    "sim_clock": "2020-01-01 11:08:00"
  },
  {
    "value": 582420.0,
    "sim_clock": "2020-01-01 11:08:30"
  },
  {
    "value": 583950.0,
    "sim_clock": "2020-01-01 11:09:00"
  },
  {
    "value": 584880.0,
    "sim_clock": "2020-01-01 11:09:30"
  },
  {
    "value": 587310.0,
    "sim_clock": "2020-01-01 11:10:00"
  },
  {
    "value": 589710.0,
    "sim_clock": "2020-01-01 11:10:30"
  },
  {
    "value": 590010.0,
    "sim_clock": "2020-01-01 11:11:00"
  },
  {
    "value": 591930.0,
    "sim_clock": "2020-01-01 11:11:30"
  },
  {
    "value": 594480.0,
    "sim_clock": "2020-01-01 11:12:00"
  },
  {
    "value": 595140.0,
    "sim_clock": "2020-01-01 11:12:30"
  },
  {
    "value": 597300.0,
    "sim_clock": "2020-01-01 11:13:00"
  },
  {
    "value": 600480.0,
    "sim_clock": "2020-01-01 11:13:30"
  },
  {
    "value": 602010.0,
    "sim_clock": "2020-01-01 11:14:00"
  },
  {
    "value": 605310.0,
    "sim_clock": "2020-01-01 11:14:30"
  },
  {
    "value": 608400.0,
    "sim_clock": "2020-01-01 11:15:00"
  },
  {
    "value": 608730.0,
    "sim_clock": "2020-01-01 11:15:30"
  },
  {
    "value": 610950.0,
    "sim_clock": "2020-01-01 11:16:00"
  },
  {
    "value": 613200.0,
    "sim_clock": "2020-01-01 11:16:30"
  },
  {
    "value": 613200.0,
    "sim_clock": "2020-01-01 11:17:00"
  },
  {
    "value": 615060.0,
    "sim_clock": "2020-01-01 11:17:30"
  },
  {
    "value": 616350.0,
    "sim_clock": "2020-01-01 11:18:00"
  },
  {
    "value": 617370.0,
    "sim_clock": "2020-01-01 11:18:30"
  },
  {
    "value": 618930.0,
    "sim_clock": "2020-01-01 11:19:00"
  },
  {
    "value": 619800.0,
    "sim_clock": "2020-01-01 11:19:30"
  },
  {
    "value": 621960.0,
    "sim_clock": "2020-01-01 11:20:00"
  },
  {
    "value": 622470.0,
    "sim_clock": "2020-01-01 11:20:30"
  },
  {
    "value": 624930.0,
    "sim_clock": "2020-01-01 11:21:00"
  },
  {
    "value": 625890.0,
    "sim_clock": "2020-01-01 11:21:30"
  },
  {
    "value": 628380.0,
    "sim_clock": "2020-01-01 11:22:00"
  },
  {
    "value": 629640.0,
    "sim_clock": "2020-01-01 11:22:30"
  },
  {
    "value": 630660.0,
    "sim_clock": "2020-01-01 11:23:00"
  },
  {
    "value": 633570.0,
    "sim_clock": "2020-01-01 11:23:30"
  },
  {
    "value": 634290.0,
    "sim_clock": "2020-01-01 11:24:00"
  },
  {
    "value": 634680.0,
    "sim_clock": "2020-01-01 11:24:30"
  },
  {
    "value": 637380.0,
    "sim_clock": "2020-01-01 11:25:00"
  },
  {
    "value": 639540.0,
    "sim_clock": "2020-01-01 11:25:30"
  },
  {
    "value": 641100.0,
    "sim_clock": "2020-01-01 11:26:00"
  },
  {
    "value": 642120.0,
    "sim_clock": "2020-01-01 11:26:30"
  },
  {
    "value": 642840.0,
    "sim_clock": "2020-01-01 11:27:00"
  },
  {
    "value": 645150.0,
    "sim_clock": "2020-01-01 11:27:30"
  },
  {
    "value": 648030.0,
    "sim_clock": "2020-01-01 11:28:00"
  },
  {
    "value": 649020.0,
    "sim_clock": "2020-01-01 11:28:30"
  },
  {
    "value": 651420.0,
    "sim_clock": "2020-01-01 11:29:00"
  },
  {
    "value": 652590.0,
    "sim_clock": "2020-01-01 11:29:30"
  },
  {
    "value": 653430.0,
    "sim_clock": "2020-01-01 11:30:00"
  },
  {
    "value": 654930.0,
    "sim_clock": "2020-01-01 11:30:30"
  },
  {
    "value": 656070.0,
    "sim_clock": "2020-01-01 11:31:00"
  },
  {
    "value": 657870.0,
    "sim_clock": "2020-01-01 11:31:30"
  },
  {
    "value": 660480.0,
    "sim_clock": "2020-01-01 11:32:00"
  },
  {
    "value": 661470.0,
    "sim_clock": "2020-01-01 11:32:30"
  },
  {
    "value": 663120.0,
    "sim_clock": "2020-01-01 11:33:00"
  },
  {
    "value": 664140.0,
    "sim_clock": "2020-01-01 11:33:30"
  },
  {
    "value": 666360.0,
    "sim_clock": "2020-01-01 11:34:00"
  },
  {
    "value": 666900.0,
    "sim_clock": "2020-01-01 11:34:30"
  },
  {
    "value": 669900.0,
    "sim_clock": "2020-01-01 11:35:00"
  },
  {
    "value": 671610.0,
    "sim_clock": "2020-01-01 11:35:30"
  },
  {
    "value": 672150.0,
    "sim_clock": "2020-01-01 11:36:00"
  },
  {
    "value": 672570.0,
    "sim_clock": "2020-01-01 11:36:30"
  },
  {
    "value": 674940.0,
    "sim_clock": "2020-01-01 11:37:00"
  },
  {
    "value": 676140.0,
    "sim_clock": "2020-01-01 11:37:30"
  },
  {
    "value": 679350.0,
    "sim_clock": "2020-01-01 11:38:00"
  },
  {
    "value": 680010.0,
    "sim_clock": "2020-01-01 11:38:30"
  },
  {
    "value": 680010.0,
    "sim_clock": "2020-01-01 11:39:00"
  },
  {
    "value": 681300.0,
    "sim_clock": "2020-01-01 11:39:30"
  },
  {
    "value": 682500.0,
    "sim_clock": "2020-01-01 11:40:00"
  },
  {
    "value": 684240.0,
    "sim_clock": "2020-01-01 11:40:30"
  },
  {
    "value": 684990.0,
    "sim_clock": "2020-01-01 11:41:00"
  },
  {
    "value": 687450.0,
    "sim_clock": "2020-01-01 11:41:30"
  },
  {
    "value": 689190.0,
    "sim_clock": "2020-01-01 11:42:00"
  },
  {
    "value": 690030.0,
    "sim_clock": "2020-01-01 11:42:30"
  },
  {
    "value": 691230.0,
    "sim_clock": "2020-01-01 11:43:00"
  },
  {
    "value": 691950.0,
    "sim_clock": "2020-01-01 11:43:30"
  },
  {
    "value": 692820.0,
    "sim_clock": "2020-01-01 11:44:00"
  },
  {
    "value": 696330.0,
    "sim_clock": "2020-01-01 11:44:30"
  },
  {
    "value": 696540.0,
    "sim_clock": "2020-01-01 11:45:00"
  },
  {
    "value": 699780.0,
    "sim_clock": "2020-01-01 11:45:30"
  },
  {
    "value": 704040.0,
    "sim_clock": "2020-01-01 11:46:00"
  },
  {
    "value": 705060.0,
    "sim_clock": "2020-01-01 11:46:30"
  },
  {
    "value": 708060.0,
    "sim_clock": "2020-01-01 11:47:00"
  },
  {
    "value": 709590.0,
    "sim_clock": "2020-01-01 11:47:30"
  },
  {
    "value": 710130.0,
    "sim_clock": "2020-01-01 11:48:00"
  },
  {
    "value": 711090.0,
    "sim_clock": "2020-01-01 11:48:30"
  },
  {
    "value": 713190.0,
    "sim_clock": "2020-01-01 11:49:00"
  },
  {
    "value": 713790.0,
    "sim_clock": "2020-01-01 11:49:30"
  },
  {
    "value": 717000.0,
    "sim_clock": "2020-01-01 11:50:00"
  },
  {
    "value": 718200.0,
    "sim_clock": "2020-01-01 11:50:30"
  },
  {
    "value": 720270.0,
    "sim_clock": "2020-01-01 11:51:00"
  },
  {
    "value": 722280.0,
    "sim_clock": "2020-01-01 11:51:30"
  },
  {
    "value": 722280.0,
    "sim_clock": "2020-01-01 11:52:00"
  },
  {
    "value": 724410.0,
    "sim_clock": "2020-01-01 11:52:30"
  },
  {
    "value": 724410.0,
    "sim_clock": "2020-01-01 11:53:00"
  },
  {
    "value": 725520.0,
    "sim_clock": "2020-01-01 11:53:30"
  },
  {
    "value": 726540.0,
    "sim_clock": "2020-01-01 11:54:00"
  },
  {
    "value": 728010.0,
    "sim_clock": "2020-01-01 11:54:30"
  },
  {
    "value": 728790.0,
    "sim_clock": "2020-01-01 11:55:00"
  },
  {
    "value": 730950.0,
    "sim_clock": "2020-01-01 11:55:30"
  },
  {
    "value": 730950.0,
    "sim_clock": "2020-01-01 11:56:00"
  },
  {
    "value": 733290.0,
    "sim_clock": "2020-01-01 11:56:30"
  },
  {
    "value": 734550.0,
    "sim_clock": "2020-01-01 11:57:00"
  },
  {
    "value": 735810.0,
    "sim_clock": "2020-01-01 11:57:30"
  },
  {
    "value": 736200.0,
    "sim_clock": "2020-01-01 11:58:00"
  },
  {
    "value": 739080.0,
    "sim_clock": "2020-01-01 11:58:30"
  },
  {
    "value": 739710.0,
    "sim_clock": "2020-01-01 11:59:00"
  },
  {
    "value": 739710.0,
    "sim_clock": "2020-01-01 11:59:30"
  }
]