[
  {
    "value": 0,
    "sim_clock": "2020-01-01 08:00:00"
  },
  {
    "value": 0,
    "sim_clock": "2020-01-01 08:00:30"
  },
  {
    "value": 0,
    "sim_clock": "2020-01-01 08:01:00"
  },
  {
    "value": 2901,
    "sim_clock": "2020-01-01 08:01:30"
  },
  {
    "value": 7091,
    "sim_clock": "2020-01-01 08:02:00"
  },
  {
    "value": 10302,
    "sim_clock": "2020-01-01 08:02:30"
  },
  {
    "value": 14500,
    "sim_clock": "2020-01-01 08:03:00"
  },
  {
    "value": 18016,
    "sim_clock": "2020-01-01 08:03:30"
  },
  {
    "value": 22077,
    "sim_clock": "2020-01-01 08:04:00"
  },
  {
    "value": 26546,
    "sim_clock": "2020-01-01 08:04:30"
  },
  {
    "value": 32960,
    "sim_clock": "2020-01-01 08:05:00"
  },
  {
    "value": 38138,
    "sim_clock": "2020-01-01 08:05:30"
  },
  {
    "value": 44344,
    "sim_clock": "2020-01-01 08:06:00"
  },
  {
    "value": 50271,
    "sim_clock": "2020-01-01 08:06:30"
  },
  {
    "value": 56580,
    "sim_clock": "2020-01-01 08:07:00"
  },
  {
    "value": 62125,
    "sim_clock": "2020-01-01 08:07:30"
  },
  {
    "value": 69328,
    "sim_clock": "2020-01-01 08:08:00"
  },
  {
    "value": 77104,
    "sim_clock": "2020-01-01 08:08:30"
  },
  {
    "value": 82972,
    "sim_clock": "2020-01-01 08:09:00"
  },
  {
    "value": 90658,
    "sim_clock": "2020-01-01 08:09:30"
  },
  {
    "value": 101228,
    "sim_clock": "2020-01-01 08:10:00"
  },
  {
    "value": 111172,
    "sim_clock": "2020-01-01 08:10:30"
  },
  {
    "value": 117726,
    "sim_clock": "2020-01-01 08:11:00"
  },
  {
    "value": 121965,
    "sim_clock": "2020-01-01 08:11:30"
  },
  {
    "value": 127597,
    "sim_clock": "2020-01-01 08:12:00"
  },
  {
    "value": 133087,
    "sim_clock": "2020-01-01 08:12:30"
  },
  {
    "value": 137393,
    "sim_clock": "2020-01-01 08:13:00"
  },
  {
    "value": 145075,
    "sim_clock": "2020-01-01 08:13:30"
  },
  {
    "value": 151589,
    "sim_clock": "2020-01-01 08:14:00"
  },
  {
    "value": 157642,
    "sim_clock": "2020-01-01 08:14:30"
  },
  {
    "value": 160749,
    "sim_clock": "2020-01-01 08:15:00"
  },
  {
    "value": 165602,
    "sim_clock": "2020-01-01 08:15:30"
  },
  {
    "value": 173408,
    "sim_clock": "2020-01-01 08:16:00"
  },
  {
    "value": 180385,
    "sim_clock": "2020-01-01 08:16:30"
  },
  {
    "value": 184676,
    "sim_clock": "2020-01-01 08:17:00"
  },
  {
    "value": 186916,
    "sim_clock": "2020-01-01 08:17:30"
  },
  {
    "value": 191753,
    "sim_clock": "2020-01-01 08:18:00"
  },
  {
    "value": 199149,
    "sim_clock": "2020-01-01 08:18:30"
  },
  {
    "value": 207206,
    "sim_clock": "2020-01-01 08:19:00"
  },
  {
    "value": 212686,
    "sim_clock": "2020-01-01 08:19:30"
  },
  {
    "value": 218503,
    "sim_clock": "2020-01-01 08:20:00"
  },
  {
    "value": 222937,
    "sim_clock": "2020-01-01 08:20:30"
  },
  {
    "value": 228049,
    "sim_clock": "2020-01-01 08:21:00"
  },
  {
    "value": 232615,
    "sim_clock": "2020-01-01 08:21:30"
  },
  {
    "value": 236303,
    "sim_clock": "2020-01-01 08:22:00"
  },
  {
    "value": 238062,
    "sim_clock": "2020-01-01 08:22:30"
  },
  {
    "value": 241698,
    "sim_clock": "2020-01-01 08:23:00"
  },
  {
    "value": 246386,
    "sim_clock": "2020-01-01 08:23:30"
  },
  {
    "value": 252878,
    "sim_clock": "2020-01-01 08:24:00"
  },
  {
    "value": 259110,
    "sim_clock": "2020-01-01 08:24:30"
  },
  {
    "value": 264411,
    "sim_clock": "2020-01-01 08:25:00"
  },
  {
    "value": 266912,
    "sim_clock": "2020-01-01 08:25:30"
  },
  {
    "value": 269490,
    "sim_clock": "2020-01-01 08:26:00"
  },
  {
    "value": 272814,
    "sim_clock": "2020-01-01 08:26:30"
  },
  {
    "value": 275651,
    "sim_clock": "2020-01-01 08:27:00"
  },
  {
    "value": 280129,
    "sim_clock": "2020-01-01 08:27:30"
  },
  {
    "value": 284276,
    "sim_clock": "2020-01-01 08:28:00"
  },
  {
    "value": 288125,
    "sim_clock": "2020-01-01 08:28:30"
  },
  {
    "value": 289851,
    "sim_clock": "2020-01-01 08:29:00"
  },
  {
    "value": 291927,
    "sim_clock": "2020-01-01 08:29:30"
  },
  {
    "value": 295817,
    "sim_clock": "2020-01-01 08:30:00"
  },
  {
    "value": 300502,
    "sim_clock": "2020-01-01 08:30:30"
  },
  {
    "value": 305603,
    "sim_clock": "2020-01-01 08:31:00"
  },
  {
    "value": 310916,
    "sim_clock": "2020-01-01 08:31:30"
  },
  {
    "value": 316255,
    "sim_clock": "2020-01-01 08:32:00"
  },
  {
    "value": 321137,
    "sim_clock": "2020-01-01 08:32:30"
  },
  {
    "value": 325423,
    "sim_clock": "2020-01-01 08:33:00"
  },
  {
    "value": 329923,
    "sim_clock": "2020-01-01 08:33:30"
  },
  {
    "value": 336050,
    "sim_clock": "2020-01-01 08:34:00"
  },
  {
    "value": 343450,
    "sim_clock": "2020-01-01 08:34:30"
  },
  {
    "value": 346556,
    "sim_clock": "2020-01-01 08:35:00"
  },
  {
    "value": 350278,
    "sim_clock": "2020-01-01 08:35:30"
  },
  {
    "value": 352455,
    "sim_clock": "2020-01-01 08:36:00"
  },
  {
    "value": 355290,
    "sim_clock": "2020-01-01 08:36:30"
  },
  {
    "value": 357647,
    "sim_clock": "2020-01-01 08:37:00"
  },
  {
    "value": 359264,
    "sim_clock": "2020-01-01 08:37:30"
  },
  {
    "value": 361795,
    "sim_clock": "2020-01-01 08:38:00"
  },
  {
    "value": 364882,
    "sim_clock": "2020-01-01 08:38:30"
  },
  {
    "value": 368559,
    "sim_clock": "2020-01-01 08:39:00"
  },
  {
    "value": 373372,
    "sim_clock": "2020-01-01 08:39:30"
  },
  {
    "value": 379407,
    "sim_clock": "2020-01-01 08:40:00"
  },
  {
    "value": 386686,
    "sim_clock": "2020-01-01 08:40:30"
  },
  {
    "value": 391803,
    "sim_clock": "2020-01-01 08:41:00"
  },
  {
    "value": 396916,
    "sim_clock": "2020-01-01 08:41:30"
  },
  {
    "value": 399614,
    "sim_clock": "2020-01-01 08:42:00"
  },
  {
    "value": 404790,
    "sim_clock": "2020-01-01 08:42:30"
  },
  {
    "value": 413277,
    "sim_clock": "2020-01-01 08:43:00"
  },
  {
    "value": 422820,
    "sim_clock": "2020-01-01 08:43:30"
  },
  {
    "value": 427076,
    "sim_clock": "2020-01-01 08:44:00"
  },
  {
    "value": 432472,
    "sim_clock": "2020-01-01 08:44:30"
  },
  {
    "value": 439180,
    "sim_clock": "2020-01-01 08:45:00"
  },
  {
    "value": 447210,
    "sim_clock": "2020-01-01 08:45:30"
  },
  {
    "value": 457603,
    "sim_clock": "2020-01-01 08:46:00"
  },
  {
    "value": 464867,
    "sim_clock": "2020-01-01 08:46:30"
  },
  {
    "value": 467921,
    "sim_clock": "2020-01-01 08:47:00"
  },
  {
    "value": 468997,
    "sim_clock": "2020-01-01 08:47:30"
  },
  {
    "value": 471795,
    "sim_clock": "2020-01-01 08:48:00"
  },
  {
    "value": 475549,
    "sim_clock": "2020-01-01 08:48:30"
  },
  {
    "value": 481414,
    "sim_clock": "2020-01-01 08:49:00"
  },
  {
    "value": 488351,
    "sim_clock": "2020-01-01 08:49:30"
  },
  {
    "value": 496938,
    "sim_clock": "2020-01-01 08:50:00"
  },
  {
    "value": 505158,
    "sim_clock": "2020-01-01 08:50:30"
  },
  {
    "value": 511337,
    "sim_clock": "2020-01-01 08:51:00"
  },
  {
    "value": 517078,
    "sim_clock": "2020-01-01 08:51:30"
  },
  {
    "value": 521004,
    "sim_clock": "2020-01-01 08:52:00"
  },
  {
    "value": 525148,
    "sim_clock": "2020-01-01 08:52:30"
  },
  {
    "value": 531808,
    "sim_clock": "2020-01-01 08:53:00"
  },
  {
    "value": 538214,
    "sim_clock": "2020-01-01 08:53:30"
  },
  {
    "value": 543165,
    "sim_clock": "2020-01-01 08:54:00"
  },
  {
    "value": 546643,
    "sim_clock": "2020-01-01 08:54:30"
  },
  {
    "value": 552409,
    "sim_clock": "2020-01-01 08:55:00"
  },
  {
    "value": 556829,
    "sim_clock": "2020-01-01 08:55:30"
  },
  {
    "value": 559842,
    "sim_clock": "2020-01-01 08:56:00"
  },
  {
    "value": 562180,
    "sim_clock": "2020-01-01 08:56:30"
  },
  {
    "value": 565557,
    "sim_clock": "2020-01-01 08:57:00"
  },
  {
    "value": 570508,
    "sim_clock": "2020-01-01 08:57:30"
  },
  {
    "value": 574281,
    "sim_clock": "2020-01-01 08:58:00"
  },
  {
    "value": 577492,
    "sim_clock": "2020-01-01 08:58:30"
  },
  {
    "value": 579955,
    "sim_clock": "2020-01-01 08:59:00"
  },
  {
    "value": 581412,
    "sim_clock": "2020-01-01 08:59:30"
  },
  {
    "value": 584270,
    "sim_clock": "2020-01-01 09:00:00"
  },
  {
    "value": 588118,
    "sim_clock": "2020-01-01 09:00:30"
  },
  {
    "value": 591472,
    "sim_clock": "2020-01-01 09:01:00"
  },
  {
    "value": 594394,
    "sim_clock": "2020-01-01 09:01:30"
  },
  {
    "value": 600502,
    "sim_clock": "2020-01-01 09:02:00"
  },
  {
    "value": 608380,
    "sim_clock": "2020-01-01 09:02:30"
  },
  {
    "value": 614131,
    "sim_clock": "2020-01-01 09:03:00"
  },
  {
    "value": 618383,
    "sim_clock": "2020-01-01 09:03:30"
  },
  {
    "value": 622193,
    "sim_clock": "2020-01-01 09:04:00"
  },
  {
    "value": 626559,
    "sim_clock": "2020-01-01 09:04:30"
  },
  {
    "value": 630456,
    "sim_clock": "2020-01-01 09:05:00"
  },
  {
    "value": 635365,
    "sim_clock": "2020-01-01 09:05:30"
  },
  {
    "value": 639510,
    "sim_clock": "2020-01-01 09:06:00"
  },
  {
    "value": 644412,
    "sim_clock": "2020-01-01 09:06:30"
  },
  {
    "value": 649393,
    "sim_clock": "2020-01-01 09:07:00"
  },
  {
    "value": 655280,
    "sim_clock": "2020-01-01 09:07:30"
  },
  {
    "value": 659473,
    "sim_clock": "2020-01-01 09:08:00"
  },
  {
    "value": 661470,
    "sim_clock": "2020-01-01 09:08:30"
  },
  {
    "value": 663395,
    "sim_clock": "2020-01-01 09:09:00"
  },
  {
    "value": 667832,
    "sim_clock": "2020-01-01 09:09:30"
  },
  {
    "value": 674937,
    "sim_clock": "2020-01-01 09:10:00"
  },
  {
    "value": 681370,
    "sim_clock": "2020-01-01 09:10:30"
  },
  {
    "value": 687310,
    "sim_clock": "2020-01-01 09:11:00"
  },
  {
    "value": 693283,
    "sim_clock": "2020-01-01 09:11:30"
  },
  {
    "value": 700240,
    "sim_clock": "2020-01-01 09:12:00"
  },
  {
    "value": 706359,
    "sim_clock": "2020-01-01 09:12:30"
  },
  {
    "value": 710608,
    "sim_clock": "2020-01-01 09:13:00"
  },
  {
    "value": 715549,
    "sim_clock": "2020-01-01 09:13:30"
  },
  {
    "value": 720142,
    "sim_clock": "2020-01-01 09:14:00"
  },
  {
    "value": 724064,
    "sim_clock": "2020-01-01 09:14:30"
  },
  {
    "value": 730843,
    "sim_clock": "2020-01-01 09:15:00"
  },
  {
    "value": 736811,
    "sim_clock": "2020-01-01 09:15:30"
  },
  {
    "value": 741284,
    "sim_clock": "2020-01-01 09:16:00"
  },
  {
    "value": 742924,
    "sim_clock": "2020-01-01 09:16:30"
  },
  {
    "value": 745952,
    "sim_clock": "2020-01-01 09:17:00"
  },
  {
    "value": 748959,
    "sim_clock": "2020-01-01 09:17:30"
  },
  {
    "value": 753757,
    "sim_clock": "2020-01-01 09:18:00"
  },
  {
    "value": 760748,
    "sim_clock": "2020-01-01 09:18:30"
  },
  {
    "value": 768957,
    "sim_clock": "2020-01-01 09:19:00"
  },
  {
    "value": 773981,
    "sim_clock": "2020-01-01 09:19:30"
  },
  {
    "value": 777843,
    "sim_clock": "2020-01-01 09:20:00"
  },
  {
    "value": 781976,
    "sim_clock": "2020-01-01 09:20:30"
  },
  {
    "value": 787803,
    "sim_clock": "2020-01-01 09:21:00"
  },
  {
    "value": 793030,
    "sim_clock": "2020-01-01 09:21:30"
  },
  {
    "value": 797046,
    "sim_clock": "2020-01-01 09:22:00"
  },
  {
    "value": 801796,
    "sim_clock": "2020-01-01 09:22:30"
  },
  {
    "value": 806490,
    "sim_clock": "2020-01-01 09:23:00"
  },
  {
    "value": 812266,
    "sim_clock": "2020-01-01 09:23:30"
  },
  {
    "value": 815926,
    "sim_clock": "2020-01-01 09:24:00"
  },
  {
    "value": 820770,
    "sim_clock": "2020-01-01 09:24:30"
  },
  {
    "value": 826467,
    "sim_clock": "2020-01-01 09:25:00"
  },
  {
    "value": 834400,
    "sim_clock": "2020-01-01 09:25:30"
  },
  {
    "value": 841035,
    "sim_clock": "2020-01-01 09:26:00"
  },
  {
    "value": 845928,
    "sim_clock": "2020-01-01 09:26:30"
  },
  {
    "value": 849911,
    "sim_clock": "2020-01-01 09:27:00"
  },
  {
    "value": 854663,
    "sim_clock": "2020-01-01 09:27:30"
  },
  {
    "value": 862571,
    "sim_clock": "2020-01-01 09:28:00"
  },
  {
    "value": 868640,
    "sim_clock": "2020-01-01 09:28:30"
  },
  {
    "value": 873772,
    "sim_clock": "2020-01-01 09:29:00"
  },
  {
    "value": 876868,
    "sim_clock": "2020-01-01 09:29:30"
  },
  {
    "value": 880988,
    "sim_clock": "2020-01-01 09:30:00"
  },
  {
    "value": 884990,
    "sim_clock": "2020-01-01 09:30:30"
  },
  {
    "value": 889245,
    "sim_clock": "2020-01-01 09:31:00"
  },
  {
    "value": 893694,
    "sim_clock": "2020-01-01 09:31:30"
  },
  {
    "value": 896532,
    "sim_clock": "2020-01-01 09:32:00"
  },
  {
    "value": 898843,
    "sim_clock": "2020-01-01 09:32:30"
  },
  {
    "value": 901308,
    "sim_clock": "2020-01-01 09:33:00"
  },
  {
    "value": 906144,
    "sim_clock": "2020-01-01 09:33:30"
  },
  {
    "value": 910611,
    "sim_clock": "2020-01-01 09:34:00"
  },
  {
    "value": 916598,
    "sim_clock": "2020-01-01 09:34:30"
  },
  {
    "value": 919598,
    "sim_clock": "2020-01-01 09:35:00"
  },
  {
    "value": 922359,
    "sim_clock": "2020-01-01 09:35:30"
  },
  {
    "value": 926471,
    "sim_clock": "2020-01-01 09:36:00"
  },
  {
    "value": 932164,
    "sim_clock": "2020-01-01 09:36:30"
  },
  {
    "value": 938520,
    "sim_clock": "2020-01-01 09:37:00"
  },
  {
    "value": 944001,
    "sim_clock": "2020-01-01 09:37:30"
  },
  {
    "value": 946094,
    "sim_clock": "2020-01-01 09:38:00"
  },
  {
    "value": 948187,
    "sim_clock": "2020-01-01 09:38:30"
  },
  {
    "value": 950137,
    "sim_clock": "2020-01-01 09:39:00"
  },
  {
    "value": 951745,
    "sim_clock": "2020-01-01 09:39:30"
  },
  {
    "value": 955178,
    "sim_clock": "2020-01-01 09:40:00"
  },
  {
    "value": 959733,
    "sim_clock": "2020-01-01 09:40:30"
  },
  {
    "value": 966340,
    "sim_clock": "2020-01-01 09:41:00"
  },
  {
    "value": 974255,
    "sim_clock": "2020-01-01 09:41:30"
  },
  {
    "value": 979934,
    "sim_clock": "2020-01-01 09:42:00"
  },
  {
    "value": 983541,
    "sim_clock": "2020-01-01 09:42:30"
  },
  {
    "value": 987532,
    "sim_clock": "2020-01-01 09:43:00"
  },
  {
    "value": 991310,
    "sim_clock": "2020-01-01 09:43:30"
  },
  {
    "value": 997572,
    "sim_clock": "2020-01-01 09:44:00"
  },
  {
    "value": 1002350,
    "sim_clock": "2020-01-01 09:44:30"
  },
  {
    "value": 1006453,
    "sim_clock": "2020-01-01 09:45:00"
  },
  {
    "value": 1011752,
    "sim_clock": "2020-01-01 09:45:30"
  },
  {
    "value": 1016392,
    "sim_clock": "2020-01-01 09:46:00"
  },
  {
    "value": 1022131,
    "sim_clock": "2020-01-01 09:46:30"
  },
  {
    "value": 1025431,
    "sim_clock": "2020-01-01 09:47:00"
  },
  {
    "value": 1030971,
    "sim_clock": "2020-01-01 09:47:30"
  },
  {
    "value": 1033371,
    "sim_clock": "2020-01-01 09:48:00"
  },
  {
    "value": 1036287,
    "sim_clock": "2020-01-01 09:48:30"
  },
  {
    "value": 1039425,
    "sim_clock": "2020-01-01 09:49:00"
  },
  {
    "value": 1044520,
    "sim_clock": "2020-01-01 09:49:30"
  },
  {
    "value": 1050168,
    "sim_clock": "2020-01-01 09:50:00"
  },
  {
    "value": 1055349,
    "sim_clock": "2020-01-01 09:50:30"
  },
  {
    "value": 1062514,
    "sim_clock": "2020-01-01 09:51:00"
  },
  {
    "value": 1069283,
    "sim_clock": "2020-01-01 09:51:30"
  },
  {
    "value": 1076216,
    "sim_clock": "2020-01-01 09:52:00"
  },
  {
    "value": 1080540,
    "sim_clock": "2020-01-01 09:52:30"
  },
  {
    "value": 1084344,
    "sim_clock": "2020-01-01 09:53:00"
  },
  {
    "value": 1087756,
    "sim_clock": "2020-01-01 09:53:30"
  },
  {
    "value": 1089765,
    "sim_clock": "2020-01-01 09:54:00"
  },
  {
    "value": 1093676,
    "sim_clock": "2020-01-01 09:54:30"
  },
  {
    "value": 1098901,
    "sim_clock": "2020-01-01 09:55:00"
  },
  {
    "value": 1103879,
    "sim_clock": "2020-01-01 09:55:30"
  },
  {
    "value": 1106795,
    "sim_clock": "2020-01-01 09:56:00"
  },
  {
    "value": 1109082,
    "sim_clock": "2020-01-01 09:56:30"
  },
  {
    "value": 1112102,
    "sim_clock": "2020-01-01 09:57:00"
  },
  {
    "value": 1116517,
    "sim_clock": "2020-01-01 09:57:30"
  },
  {
    "value": 1121096,
    "sim_clock": "2020-01-01 09:58:00"
  },
  {
    "value": 1126131,
    "sim_clock": "2020-01-01 09:58:30"
  },
  {
    "value": 1131616,
    "sim_clock": "2020-01-01 09:59:00"
  },
  {
    "value": 1135448,
    "sim_clock": "2020-01-01 09:59:30"
  },
  {
    "value": 1140821,
    "sim_clock": "2020-01-01 10:00:00"
  },
  {
    "value": 1146388,
    "sim_clock": "2020-01-01 10:00:30"
  },
  {
    "value": 1150167,
    "sim_clock": "2020-01-01 10:01:00"
  },
  {
    "value": 1153377,
    "sim_clock": "2020-01-01 10:01:30"
  },
  {
    "value": 1154969,
    "sim_clock": "2020-01-01 10:02:00"
  },
  {
    "value": 1158254,
    "sim_clock": "2020-01-01 10:02:30"
  },
  {
    "value": 1163905,
    "sim_clock": "2020-01-01 10:03:00"
  },
  {
    "value": 1169827,
    "sim_clock": "2020-01-01 10:03:30"
  },
  {
    "value": 1173673,
    "sim_clock": "2020-01-01 10:04:00"
  },
  {
    "value": 1178524,
    "sim_clock": "2020-01-01 10:04:30"
  },
  {
    "value": 1186935,
    "sim_clock": "2020-01-01 10:05:00"
  },
  {
    "value": 1194219,
    "sim_clock": "2020-01-01 10:05:30"
  },
  {
    "value": 1197264,
    "sim_clock": "2020-01-01 10:06:00"
  },
  {
    "value": 1201719,
    "sim_clock": "2020-01-01 10:06:30"
  },
  {
    "value": 1206871,
    "sim_clock": "2020-01-01 10:07:00"
  },
  {
    "value": 1214567,
    "sim_clock": "2020-01-01 10:07:30"
  },
  {
    "value": 1222099,
    "sim_clock": "2020-01-01 10:08:00"
  },
  {
    "value": 1228225,
    "sim_clock": "2020-01-01 10:08:30"
  },
  {
    "value": 1231786,
    "sim_clock": "2020-01-01 10:09:00"
  },
  {
    "value": 1234665,
    "sim_clock": "2020-01-01 10:09:30"
  },
  {
    "value": 1238247,
    "sim_clock": "2020-01-01 10:10:00"
  },
  {
    "value": 1241620,
    "sim_clock": "2020-01-01 10:10:30"
  },
  {
    "value": 1246348,
    "sim_clock": "2020-01-01 10:11:00"
  },
  {
    "value": 1250772,
    "sim_clock": "2020-01-01 10:11:30"
  },
  {
    "value": 1255120,
    "sim_clock": "2020-01-01 10:12:00"
  },
  {
    "value": 1258875,
    "sim_clock": "2020-01-01 10:12:30"
  },
  {
    "value": 1264806,
    "sim_clock": "2020-01-01 10:13:00"
  },
  {
    "value": 1271477,
    "sim_clock": "2020-01-01 10:13:30"
  },
  {
    "value": 1278980,
    "sim_clock": "2020-01-01 10:14:00"
  },
  {
    "value": 1285687,
    "sim_clock": "2020-01-01 10:14:30"
  },
  {
    "value": 1291910,
    "sim_clock": "2020-01-01 10:15:00"
  },
  {
    "value": 1297196,
    "sim_clock": "2020-01-01 10:15:30"
  },
  {
    "value": 1304211,
    "sim_clock": "2020-01-01 10:16:00"
  },
  {
    "value": 1310042,
    "sim_clock": "2020-01-01 10:16:30"
  },
  {
    "value": 1318294,
    "sim_clock": "2020-01-01 10:17:00"
  },
  {
    "value": 1324416,
    "sim_clock": "2020-01-01 10:17:30"
  },
  {
    "value": 1329436,
    "sim_clock": "2020-01-01 10:18:00"
  },
  {
    "value": 1333846,
    "sim_clock": "2020-01-01 10:18:30"
  },
  {
    "value": 1340296,
    "sim_clock": "2020-01-01 10:19:00"
  },
  {
    "value": 1348234,
    "sim_clock": "2020-01-01 10:19:30"
  },
  {
    "value": 1355782,
    "sim_clock": "2020-01-01 10:20:00"
  },
  {
    "value": 1363217,
    "sim_clock": "2020-01-01 10:20:30"
  },
  {
    "value": 1368138,
    "sim_clock": "2020-01-01 10:21:00"
  },
  {
    "value": 1372608,
    "sim_clock": "2020-01-01 10:21:30"
  },
  {
    "value": 1375287,
    "sim_clock": "2020-01-01 10:22:00"
  },
  {
    "value": 1379667,
    "sim_clock": "2020-01-01 10:22:30"
  },
  {
    "value": 1385258,
    "sim_clock": "2020-01-01 10:23:00"
  },
  {
    "value": 1390732,
    "sim_clock": "2020-01-01 10:23:30"
  },
  {
    "value": 1396529,
    "sim_clock": "2020-01-01 10:24:00"
  },
  {
    "value": 1402715,
    "sim_clock": "2020-01-01 10:24:30"
  },
  {
    "value": 1409128,
    "sim_clock": "2020-01-01 10:25:00"
  },
  {
    "value": 1413338,
    "sim_clock": "2020-01-01 10:25:30"
  },
  {
    "value": 1416577,
    "sim_clock": "2020-01-01 10:26:00"
  },
  {
    "value": 1419240,
    "sim_clock": "2020-01-01 10:26:30"
  },
  {
    "value": 1422931,
    "sim_clock": "2020-01-01 10:27:00"
  },
  {
    "value": 1426932,
    "sim_clock": "2020-01-01 10:27:30"
  },
  {
    "value": 1432333,
    "sim_clock": "2020-01-01 10:28:00"
  },
  {
    "value": 1436772,
    "sim_clock": "2020-01-01 10:28:30"
  },
  {
    "value": 1441381,
    "sim_clock": "2020-01-01 10:29:00"
  },
  {
    "value": 1444798,
    "sim_clock": "2020-01-01 10:29:30"
  },
  {
    "value": 1448103,
    "sim_clock": "2020-01-01 10:30:00"
  },
  {
    "value": 1452293,
    "sim_clock": "2020-01-01 10:30:30"
  },
  {
    "value": 1457140,
    "sim_clock": "2020-01-01 10:31:00"
  },
  {
    "value": 1461591,
    "sim_clock": "2020-01-01 10:31:30"
  },
  {
    "value": 1464856,
    "sim_clock": "2020-01-01 10:32:00"
  },
  {
    "value": 1470257,
    "sim_clock": "2020-01-01 10:32:30"
  },
  {
    "value": 1475086,
    "sim_clock": "2020-01-01 10:33:00"
  },
  {
    "value": 1481477,
    "sim_clock": "2020-01-01 10:33:30"
  },
  {
    "value": 1484401,
    "sim_clock": "2020-01-01 10:34:00"
  },
  {
    "value": 1487521,
    "sim_clock": "2020-01-01 10:34:30"
  },
  {
    "value": 1490719,
    "sim_clock": "2020-01-01 10:35:00"
  },
  {
    "value": 1495506,
    "sim_clock": "2020-01-01 10:35:30"
  },
  {
    "value": 1499688,
    "sim_clock": "2020-01-01 10:36:00"
  },
  {
    "value": 1502967,
    "sim_clock": "2020-01-01 10:36:30"
  },
  {
    "value": 1508173,
    "sim_clock": "2020-01-01 10:37:00"
  },
  {
    "value": 1514646,
    "sim_clock": "2020-01-01 10:37:30"
  },
  {
    "value": 1523389,
    "sim_clock": "2020-01-01 10:38:00"
  },
  {
    "value": 1530444,
    "sim_clock": "2020-01-01 10:38:30"
  },
  {
    "value": 1536838,
    "sim_clock": "2020-01-01 10:39:00"
  },
  {
    "value": 1540881,
    "sim_clock": "2020-01-01 10:39:30"
  },
  {
    "value": 1545381,
    "sim_clock": "2020-01-01 10:40:00"
  },
  {
    "value": 1549089,
    "sim_clock": "2020-01-01 10:40:30"
  },
  {
    "value": 1552678,
    "sim_clock": "2020-01-01 10:41:00"
  },
  {
    "value": 1555953,
    "sim_clock": "2020-01-01 10:41:30"
  },
  {
    "value": 1560305,
    "sim_clock": "2020-01-01 10:42:00"
  },
  {
    "value": 1564578,
    "sim_clock": "2020-01-01 10:42:30"
  },
  {
    "value": 1569214,
    "sim_clock": "2020-01-01 10:43:00"
  },
  {
    "value": 1574539,
    "sim_clock": "2020-01-01 10:43:30"
  },
  {
    "value": 1578955,
    "sim_clock": "2020-01-01 10:44:00"
  },
  {
    "value": 1582365,
    "sim_clock": "2020-01-01 10:44:30"
  },
  {
    "value": 1586107,
    "sim_clock": "2020-01-01 10:45:00"
  },
  {
    "value": 1590811,
    "sim_clock": "2020-01-01 10:45:30"
  },
  {
    "value": 1598452,
    "sim_clock": "2020-01-01 10:46:00"
  },
  {
    "value": 1605303,
    "sim_clock": "2020-01-01 10:46:30"
  },
  {
    "value": 1613007,
    "sim_clock": "2020-01-01 10:47:00"
  },
  {
    "value": 1617330,
    "sim_clock": "2020-01-01 10:47:30"
  },
  {
    "value": 1622007,
    "sim_clock": "2020-01-01 10:48:00"
  },
  {
    "value": 1627507,
    "sim_clock": "2020-01-01 10:48:30"
  },
  {
    "value": 1632835,
    "sim_clock": "2020-01-01 10:49:00"
  },
  {
    "value": 1639566,
    "sim_clock": "2020-01-01 10:49:30"
  },
  {
    "value": 1642526,
    "sim_clock": "2020-01-01 10:50:00"
  },
  {
    "value": 1646402,
    "sim_clock": "2020-01-01 10:50:30"
  },
  {
    "value": 1652048,
    "sim_clock": "2020-01-01 10:51:00"
  },
  {
    "value": 1660365,
    "sim_clock": "2020-01-01 10:51:30"
  },
  {
    "value": 1670616,
    "sim_clock": "2020-01-01 10:52:00"
  },
  {
    "value": 1676080,
    "sim_clock": "2020-01-01 10:52:30"
  },
  {
    "value": 1681038,
    "sim_clock": "2020-01-01 10:53:00"
  },
  {
    "value": 1685571,
    "sim_clock": "2020-01-01 10:53:30"
  },
  {
    "value": 1690823,
    "sim_clock": "2020-01-01 10:54:00"
  },
  {
    "value": 1695302,
    "sim_clock": "2020-01-01 10:54:30"
  },
  {
    "value": 1699468,
    "sim_clock": "2020-01-01 10:55:00"
  },
  {
    "value": 1705002,
    "sim_clock": "2020-01-01 10:55:30"
  },
  {
    "value": 1709913,
    "sim_clock": "2020-01-01 10:56:00"
  },
  {
    "value": 1714614,
    "sim_clock": "2020-01-01 10:56:30"
  },
  {
    "value": 1717612,
    "sim_clock": "2020-01-01 10:57:00"
  },
  {
    "value": 1722055,
    "sim_clock": "2020-01-01 10:57:30"
  },
  {
    "value": 1725940,
    "sim_clock": "2020-01-01 10:58:00"
  },
  {
    "value": 1729832,
    "sim_clock": "2020-01-01 10:58:30"
  },
  {
    "value": 1733567,
    "sim_clock": "2020-01-01 10:59:00"
  },
  {
    "value": 1736065,
    "sim_clock": "2020-01-01 10:59:30"
  },
  {
    "value": 1740198,
    "sim_clock": "2020-01-01 11:00:00"
  },
  {
    "value": 1743476,
    "sim_clock": "2020-01-01 11:00:30"
  },
  {
    "value": 1748753,
    "sim_clock": "2020-01-01 11:01:00"
  },
  {
    "value": 1752151,
    "sim_clock": "2020-01-01 11:01:30"
  },
  {
    "value": 1756285,
    "sim_clock": "2020-01-01 11:02:00"
  },
  {
    "value": 1759281,
    "sim_clock": "2020-01-01 11:02:30"
  },
  {
    "value": 1762859,
    "sim_clock": "2020-01-01 11:03:00"
  },
  {
    "value": 1768993,
    "sim_clock": "2020-01-01 11:03:30"
  },
  {
    "value": 1774424,
    "sim_clock": "2020-01-01 11:04:00"
  },
  {
    "value": 1781423,
    "sim_clock": "2020-01-01 11:04:30"
  },
  {
    "value": 1786020,
    "sim_clock": "2020-01-01 11:05:00"
  },
  {
    "value": 1791749,
    "sim_clock": "2020-01-01 11:05:30"
  },
  {
    "value": 1796802,
    "sim_clock": "2020-01-01 11:06:00"
  },
  {
    "value": 1803613,
    "sim_clock": "2020-01-01 11:06:30"
  },
  {
    "value": 1812348,
    "sim_clock": "2020-01-01 11:07:00"
  },
  {
    "value": 1821390,
    "sim_clock": "2020-01-01 11:07:30"
  },
  {
    "value": 1827481,
    "sim_clock": "2020-01-01 11:08:00"
  },
  {
    "value": 1829129,
    "sim_clock": "2020-01-01 11:08:30"
  },
  {
    "value": 1834087,
    "sim_clock": "2020-01-01 11:09:00"
  },
  {
    "value": 1841899,
    "sim_clock": "2020-01-01 11:09:30"
  },
  {
    "value": 1851748,
    "sim_clock": "2020-01-01 11:10:00"
  },
  {
    "value": 1861148,
    "sim_clock": "2020-01-01 11:10:30"
  },
  {
    "value": 1870333,
    "sim_clock": "2020-01-01 11:11:00"
  },
  {
    "value": 1875053,
    "sim_clock": "2020-01-01 11:11:30"
  },
  {
    "value": 1879311,
    "sim_clock": "2020-01-01 11:12:00"
  },
  {
    "value": 1881271,
    "sim_clock": "2020-01-01 11:12:30"
  },
  {
    "value": 1882271,
    "sim_clock": "2020-01-01 11:13:00"
  },
  {
    "value": 1884100,
    "sim_clock": "2020-01-01 11:13:30"
  },
  {
    "value": 1887162,
    "sim_clock": "2020-01-01 11:14:00"
  },
  {
    "value": 1893417,
    "sim_clock": "2020-01-01 11:14:30"
  },
  {
    "value": 1899190,
    "sim_clock": "2020-01-01 11:15:00"
  },
  {
    "value": 1902443,
    "sim_clock": "2020-01-01 11:15:30"
  },
  {
    "value": 1906030,
    "sim_clock": "2020-01-01 11:16:00"
  },
  {
    "value": 1910361,
    "sim_clock": "2020-01-01 11:16:30"
  },
  {
    "value": 1918007,
    "sim_clock": "2020-01-01 11:17:00"
  },
  {
    "value": 1925829,
    "sim_clock": "2020-01-01 11:17:30"
  },
  {
    "value": 1931919,
    "sim_clock": "2020-01-01 11:18:00"
  },
  {
    "value": 1934090,
    "sim_clock": "2020-01-01 11:18:30"
  },
  {
    "value": 1936119,
    "sim_clock": "2020-01-01 11:19:00"
  },
  {
    "value": 1941423,
    "sim_clock": "2020-01-01 11:19:30"
  },
  {
    "value": 1948506,
    "sim_clock": "2020-01-01 11:20:00"
  },
  {
    "value": 1954585,
    "sim_clock": "2020-01-01 11:20:30"
  },
  {
    "value": 1959816,
    "sim_clock": "2020-01-01 11:21:00"
  },
  {
    "value": 1963949,
    "sim_clock": "2020-01-01 11:21:30"
  },
  {
    "value": 1970610,
    "sim_clock": "2020-01-01 11:22:00"
  },
  {
    "value": 1980165,
    "sim_clock": "2020-01-01 11:22:30"
  },
  {
    "value": 1988886,
    "sim_clock": "2020-01-01 11:23:00"
  },
  {
    "value": 1994952,
    "sim_clock": "2020-01-01 11:23:30"
  },
  {
    "value": 1998114,
    "sim_clock": "2020-01-01 11:24:00"
  },
  {
    "value": 2002922,
    "sim_clock": "2020-01-01 11:24:30"
  },
  {
    "value": 2009582,
    "sim_clock": "2020-01-01 11:25:00"
  },
  {
    "value": 2012958,
    "sim_clock": "2020-01-01 11:25:30"
  },
  {
    "value": 2015783,
    "sim_clock": "2020-01-01 11:26:00"
  },
  {
    "value": 2017795,
    "sim_clock": "2020-01-01 11:26:30"
  },
  {
    "value": 2020965,
    "sim_clock": "2020-01-01 11:27:00"
  },
  {
    "value": 2024826,
    "sim_clock": "2020-01-01 11:27:30"
  },
  {
    "value": 2029191,
    "sim_clock": "2020-01-01 11:28:00"
  },
  {
    "value": 2033073,
    "sim_clock": "2020-01-01 11:28:30"
  },
  {
    "value": 2037057,
    "sim_clock": "2020-01-01 11:29:00"
  },
  {
    "value": 2040627,
    "sim_clock": "2020-01-01 11:29:30"
  },
  {
    "value": 2044956,
    "sim_clock": "2020-01-01 11:30:00"
  },
  {
    "value": 2050015,
    "sim_clock": "2020-01-01 11:30:30"
  },
  {
    "value": 2055401,
    "sim_clock": "2020-01-01 11:31:00"
  },
  {
    "value": 2062475,
    "sim_clock": "2020-01-01 11:31:30"
  },
  {
    "value": 2068839,
    "sim_clock": "2020-01-01 11:32:00"
  },
  {
    "value": 2075259,
    "sim_clock": "2020-01-01 11:32:30"
  },
  {
    "value": 2079960,
    "sim_clock": "2020-01-01 11:33:00"
  },
  {
    "value": 2087941,
    "sim_clock": "2020-01-01 11:33:30"
  },
  {
    "value": 2093297,
    "sim_clock": "2020-01-01 11:34:00"
  },
  {
    "value": 2102070,
    "sim_clock": "2020-01-01 11:34:30"
  },
  {
    "value": 2108725,
    "sim_clock": "2020-01-01 11:35:00"
  },
  {
    "value": 2112444,
    "sim_clock": "2020-01-01 11:35:30"
  },
  {
    "value": 2114902,
    "sim_clock": "2020-01-01 11:36:00"
  },
  {
    "value": 2117535,
    "sim_clock": "2020-01-01 11:36:30"
  },
  {
    "value": 2121559,
    "sim_clock": "2020-01-01 11:37:00"
  },
  {
    "value": 2124984,
    "sim_clock": "2020-01-01 11:37:30"
  },
  {
    "value": 2129186,
    "sim_clock": "2020-01-01 11:38:00"
  },
  {
    "value": 2133275,
    "sim_clock": "2020-01-01 11:38:30"
  },
  {
    "value": 2140076,
    "sim_clock": "2020-01-01 11:39:00"
  },
  {
    "value": 2147453,
    "sim_clock": "2020-01-01 11:39:30"
  },
  {
    "value": 2151677,
    "sim_clock": "2020-01-01 11:40:00"
  },
  {
    "value": 2154601,
    "sim_clock": "2020-01-01 11:40:30"
  },
  {
    "value": 2155314,
    "sim_clock": "2020-01-01 11:41:00"
  },
  {
    "value": 2158039,
    "sim_clock": "2020-01-01 11:41:30"
  },
  {
    "value": 2161127,
    "sim_clock": "2020-01-01 11:42:00"
  },
  {
    "value": 2164846,
    "sim_clock": "2020-01-01 11:42:30"
  },
  {
    "value": 2170898,
    "sim_clock": "2020-01-01 11:43:00"
  },
  {
    "value": 2177166,
    "sim_clock": "2020-01-01 11:43:30"
  },
  {
    "value": 2181351,
    "sim_clock": "2020-01-01 11:44:00"
  },
  {
    "value": 2186391,
    "sim_clock": "2020-01-01 11:44:30"
  },
  {
    "value": 2194126,
    "sim_clock": "2020-01-01 11:45:00"
  },
  {
    "value": 2203410,
    "sim_clock": "2020-01-01 11:45:30"
  },
  {
    "value": 2212961,
    "sim_clock": "2020-01-01 11:46:00"
  },
  {
    "value": 2220082,
    "sim_clock": "2020-01-01 11:46:30"
  },
  {
    "value": 2226770,
    "sim_clock": "2020-01-01 11:47:00"
  },
  {
    "value": 2232606,
    "sim_clock": "2020-01-01 11:47:30"
  },
  {
    "value": 2237355,
    "sim_clock": "2020-01-01 11:48:00"
  },
  {
    "value": 2239819,
    "sim_clock": "2020-01-01 11:48:30"
  },
  {
    "value": 2242007,
    "sim_clock": "2020-01-01 11:49:00"
  },
  {
    "value": 2245038,
    "sim_clock": "2020-01-01 11:49:30"
  },
  {
    "value": 2249161,
    "sim_clock": "2020-01-01 11:50:00"
  },
  {
    "value": 2253143,
    "sim_clock": "2020-01-01 11:50:30"
  },
  {
    "value": 2257344,
    "sim_clock": "2020-01-01 11:51:00"
  },
  {
    "value": 2261233,
    "sim_clock": "2020-01-01 11:51:30"
  },
  {
    "value": 2265358,
    "sim_clock": "2020-01-01 11:52:00"
  },
  {
    "value": 2270210,
    "sim_clock": "2020-01-01 11:52:30"
  },
  {
    "value": 2274342,
    "sim_clock": "2020-01-01 11:53:00"
  },
  {
    "value": 2278077,
    "sim_clock": "2020-01-01 11:53:30"
  },
  {
    "value": 2282712,
    "sim_clock": "2020-01-01 11:54:00"
  },
  {
    "value": 2286035,
    "sim_clock": "2020-01-01 11:54:30"
  },
  {
    "value": 2288922,
    "sim_clock": "2020-01-01 11:55:00"
  },
  {
    "value": 2289508,
    "sim_clock": "2020-01-01 11:55:30"
  },
  {
    "value": 2291128,
    "sim_clock": "2020-01-01 11:56:00"
  },
  {
    "value": 2296438,
    "sim_clock": "2020-01-01 11:56:30"
  },
  {
    "value": 2302320,
    "sim_clock": "2020-01-01 11:57:00"
  },
  {
    "value": 2310694,
    "sim_clock": "2020-01-01 11:57:30"
  },
  {
    "value": 2316658,
    "sim_clock": "2020-01-01 11:58:00"
  },
  {
    "value": 2321637,
    "sim_clock": "2020-01-01 11:58:30"
  },
  {
    "value": 2329587,
    "sim_clock": "2020-01-01 11:59:00"
  },
  {
    "value": 2329587,
    "sim_clock": "2020-01-01 11:59:30"
  }
]